OBJECTID,FieldNotes,DryFround,LeavesOnTrees,Muddy,RainingSnowing,SnowIce,StandingWater
1,"Lots of adult mosquitoes despite no standing water nearby, but lots of plant clumps.",TRUE,TRUE,FALSE,FALSE,FALSE,FALSE
2,Mosquito habitats near tall plants,TRUE,TRUE,FALSE,FALSE,FALSE,FALSE
3,No mosquito habitats.,TRUE,TRUE,FALSE,FALSE,FALSE,FALSE
4,No mosquito habitats.,TRUE,TRUE,TRUE,FALSE,FALSE,FALSE
5,"No still water, no mosquito habitats",TRUE,TRUE,FALSE,FALSE,FALSE,FALSE
6,No mosquito habitats.,TRUE,TRUE,FALSE,FALSE,FALSE,FALSE
7,"No standing water, no mosquito habitats.",TRUE,TRUE,FALSE,FALSE,FALSE,FALSE
8,(none),TRUE,TRUE,FALSE,FALSE,FALSE,FALSE
9,(none),TRUE,TRUE,FALSE,FALSE,FALSE,FALSE
10,"No water, sunny",TRUE,FALSE,FALSE,FALSE,FALSE,FALSE
11,"Sunny, small hill, drain",TRUE,FALSE,FALSE,FALSE,FALSE,FALSE
12,Elementary school,TRUE,TRUE,FALSE,FALSE,FALSE,FALSE
13,(none),TRUE,TRUE,FALSE,FALSE,FALSE,FALSE
14,(none),TRUE,TRUE,FALSE,FALSE,FALSE,FALSE
15,(none),TRUE,TRUE,FALSE,FALSE,FALSE,FALSE
16,(none),FALSE,TRUE,FALSE,FALSE,FALSE,FALSE
17,(none),TRUE,TRUE,FALSE,FALSE,FALSE,FALSE
18,(none),TRUE,TRUE,FALSE,FALSE,FALSE,FALSE
19,(none),TRUE,TRUE,FALSE,FALSE,FALSE,FALSE
20,(none),TRUE,TRUE,FALSE,FALSE,FALSE,FALSE
21,(none),TRUE,TRUE,FALSE,FALSE,FALSE,FALSE
22,(none),TRUE,TRUE,FALSE,FALSE,FALSE,FALSE
23,(none),TRUE,TRUE,FALSE,FALSE,FALSE,FALSE
24,(none),TRUE,TRUE,FALSE,FALSE,FALSE,FALSE
25,(none),TRUE,TRUE,FALSE,FALSE,FALSE,FALSE
26,(none),TRUE,TRUE,FALSE,FALSE,FALSE,FALSE
27,(none),TRUE,TRUE,FALSE,FALSE,FALSE,FALSE
28,(none),TRUE,TRUE,TRUE,FALSE,FALSE,TRUE
29,(none),TRUE,TRUE,TRUE,FALSE,FALSE,FALSE
30,(none),TRUE,TRUE,FALSE,FALSE,FALSE,TRUE
31,"sunny light rain, sewer",TRUE,FALSE,FALSE,FALSE,FALSE,FALSE
32,"Sunny, windy, garbage cans",TRUE,FALSE,FALSE,FALSE,FALSE,FALSE
33,(none),TRUE,TRUE,FALSE,FALSE,FALSE,FALSE
34,"Parking lot, drains, sunny",TRUE,FALSE,FALSE,FALSE,FALSE,FALSE
35,"Sunny, woody area",TRUE,FALSE,FALSE,FALSE,FALSE,FALSE
36,Sunny,TRUE,FALSE,FALSE,FALSE,FALSE,FALSE
37,Sunny,TRUE,FALSE,FALSE,FALSE,FALSE,FALSE
38,Sunny,TRUE,FALSE,FALSE,FALSE,FALSE,FALSE
39,Sunny,TRUE,FALSE,FALSE,FALSE,FALSE,FALSE
40,"Sunny, drains",TRUE,FALSE,FALSE,FALSE,FALSE,FALSE
41,"Grassy areas, sunny",TRUE,FALSE,FALSE,FALSE,FALSE,FALSE
42,"Sunny, hill",TRUE,FALSE,FALSE,FALSE,FALSE,FALSE
43,(none),TRUE,TRUE,FALSE,FALSE,FALSE,FALSE
44,(none),TRUE,TRUE,FALSE,FALSE,FALSE,FALSE
45,(none),TRUE,TRUE,TRUE,FALSE,FALSE,FALSE
46,(none),TRUE,TRUE,FALSE,FALSE,FALSE,FALSE
47,(none),TRUE,TRUE,FALSE,FALSE,FALSE,FALSE
48,(none),TRUE,TRUE,FALSE,FALSE,FALSE,FALSE
49,(none),TRUE,TRUE,FALSE,FALSE,FALSE,FALSE
50,(none),TRUE,TRUE,FALSE,FALSE,FALSE,FALSE
51,(none),TRUE,TRUE,FALSE,FALSE,FALSE,FALSE
52,(none),FALSE,TRUE,FALSE,FALSE,FALSE,FALSE
53,(none),FALSE,TRUE,FALSE,FALSE,FALSE,FALSE
54,(none),FALSE,TRUE,FALSE,FALSE,FALSE,FALSE
55,(none),FALSE,TRUE,FALSE,FALSE,FALSE,FALSE
56,(none),FALSE,TRUE,FALSE,FALSE,FALSE,FALSE
57,(none),FALSE,TRUE,FALSE,FALSE,FALSE,FALSE
58,"Sunny, forest",TRUE,FALSE,FALSE,FALSE,FALSE,FALSE
59,"Sunny, trees",TRUE,FALSE,FALSE,FALSE,FALSE,FALSE
60,"Cloudy, trees",TRUE,FALSE,FALSE,FALSE,FALSE,FALSE
61,"No mosquito habitats, city downtown (next to Paccard building)",TRUE,TRUE,FALSE,FALSE,FALSE,FALSE
62,"Cloudy,trees",TRUE,FALSE,FALSE,FALSE,FALSE,FALSE
63,"Cloudy, trees",TRUE,TRUE,FALSE,FALSE,FALSE,FALSE
64,"Cloudy, parking lot",TRUE,TRUE,FALSE,FALSE,FALSE,FALSE
65,(none),TRUE,TRUE,FALSE,FALSE,FALSE,FALSE
66,(none),TRUE,TRUE,TRUE,FALSE,FALSE,TRUE
67,(none),TRUE,TRUE,TRUE,FALSE,FALSE,TRUE
68,"Cloudy, trees",TRUE,TRUE,FALSE,FALSE,FALSE,FALSE
69,"School, cloudy",TRUE,TRUE,FALSE,FALSE,FALSE,FALSE
70,Sunny,TRUE,TRUE,FALSE,FALSE,FALSE,FALSE
71,"Complex of buildings nearby 
Near main road",TRUE,FALSE,FALSE,FALSE,FALSE,FALSE
72,Sunny,TRUE,TRUE,FALSE,FALSE,FALSE,FALSE
73,"Near buildings
Near main road",TRUE,FALSE,FALSE,FALSE,FALSE,FALSE
74,Near buidlings,TRUE,FALSE,FALSE,FALSE,FALSE,FALSE
75,(none),TRUE,TRUE,FALSE,FALSE,FALSE,FALSE
76,"No mosquito habitats, next to townhouses",TRUE,TRUE,FALSE,FALSE,FALSE,FALSE
77,(none),FALSE,TRUE,FALSE,FALSE,FALSE,FALSE
78,(none),FALSE,TRUE,FALSE,FALSE,FALSE,FALSE
79,(none),TRUE,TRUE,FALSE,FALSE,FALSE,FALSE
80,(none),TRUE,TRUE,FALSE,FALSE,FALSE,FALSE
81,(none),TRUE,TRUE,FALSE,FALSE,FALSE,FALSE
82,(none),TRUE,TRUE,FALSE,FALSE,FALSE,FALSE
83,(none),TRUE,TRUE,FALSE,FALSE,FALSE,FALSE
84,(none),TRUE,TRUE,FALSE,FALSE,FALSE,FALSE
85,(none),TRUE,TRUE,FALSE,FALSE,FALSE,FALSE
86,Putnam Rd vs Dutch Rd Intersection,TRUE,TRUE,FALSE,FALSE,FALSE,FALSE
87,Dutch va Puritan road intersection,TRUE,TRUE,FALSE,FALSE,FALSE,FALSE
88,Koch x Dutch,TRUE,TRUE,FALSE,FALSE,FALSE,FALSE
89,dutch x dunhams,TRUE,TRUE,FALSE,FALSE,FALSE,FALSE
90,mcginnis x hardenburg,TRUE,TRUE,FALSE,FALSE,FALSE,FALSE
91,hartlander x hardenberg,TRUE,TRUE,FALSE,FALSE,FALSE,FALSE
92,Adopt a pixel observation. No mosquito hábitats. It just rained.,FALSE,TRUE,TRUE,TRUE,FALSE,FALSE
93,(none),TRUE,TRUE,FALSE,FALSE,FALSE,FALSE
94,Lots of trees at this adopt a pixel observation. No mosquito hábitats once again.,FALSE,TRUE,TRUE,FALSE,FALSE,FALSE
95,(none),TRUE,TRUE,FALSE,FALSE,FALSE,FALSE
96,(none),TRUE,TRUE,FALSE,FALSE,FALSE,FALSE
97,(none),TRUE,TRUE,FALSE,FALSE,FALSE,FALSE
98,(none),TRUE,TRUE,FALSE,FALSE,FALSE,FALSE
99,Adopt a pixel observation. It is pouring rain at this location.,FALSE,TRUE,TRUE,TRUE,FALSE,FALSE
100,(none),TRUE,TRUE,FALSE,FALSE,FALSE,FALSE
101,(none),TRUE,TRUE,FALSE,FALSE,FALSE,FALSE
102,(none),TRUE,TRUE,FALSE,FALSE,FALSE,FALSE
103,(none),TRUE,TRUE,FALSE,FALSE,FALSE,FALSE
104,"No mosquito habitats, next to gated residential area",TRUE,TRUE,FALSE,FALSE,FALSE,FALSE
105,There are some potholes and dips in the ground that could serve as potential mosquito breeding habitats when it rains and they collect water.,TRUE,TRUE,FALSE,FALSE,FALSE,FALSE
106,"This is an elementary school surrounded by houses, so there are many places that standing water can be in. Gutters, sewage and drainage openings, potted plants and plant trays, playgrounds, trasbins and dumpsters, and ditches. Many, many potential mosquito breeding habitats.",TRUE,TRUE,FALSE,FALSE,FALSE,FALSE
107,(none),TRUE,TRUE,FALSE,FALSE,FALSE,FALSE
108,(none),TRUE,TRUE,FALSE,FALSE,FALSE,FALSE
109,(none),TRUE,TRUE,FALSE,FALSE,FALSE,FALSE
110,(none),FALSE,TRUE,FALSE,FALSE,FALSE,FALSE
111,(none),TRUE,TRUE,FALSE,FALSE,FALSE,FALSE
112,(none),TRUE,TRUE,FALSE,FALSE,FALSE,FALSE
113,(none),TRUE,TRUE,FALSE,FALSE,FALSE,FALSE
114,(none),TRUE,TRUE,FALSE,FALSE,FALSE,FALSE
115,"This is Brackenridge Park, so it is heavily wooded and filled with wildlife. It is protected by the government, and the San Antonio Zoo Train runs through it. There are many trash/recycling bins, grills, logs and downed trees, and dips in the ground that can collect water when it rains, thus allowing for the standing water needed for mosquitoes to breed.",TRUE,TRUE,FALSE,FALSE,FALSE,FALSE
116,"There are trash bins, grills, and dips/holes in the ground where standing water can collect after it rains, allowing mosquitoes to breed. There is also moss hanging down from the trees, evidence of moisture.",TRUE,TRUE,FALSE,FALSE,FALSE,FALSE
117,(none),FALSE,TRUE,FALSE,FALSE,FALSE,TRUE
118,(none),TRUE,FALSE,FALSE,FALSE,FALSE,FALSE
119,(none),FALSE,TRUE,TRUE,FALSE,FALSE,TRUE
120,(none),TRUE,TRUE,FALSE,FALSE,FALSE,FALSE
121,(none),TRUE,TRUE,FALSE,FALSE,FALSE,TRUE
122,(none),TRUE,TRUE,FALSE,FALSE,FALSE,TRUE
123,(none),TRUE,TRUE,FALSE,FALSE,FALSE,FALSE
124,(none),TRUE,TRUE,FALSE,FALSE,FALSE,TRUE
125,(none),TRUE,TRUE,FALSE,FALSE,FALSE,FALSE
126,(none),FALSE,FALSE,FALSE,FALSE,FALSE,TRUE
127,(none),TRUE,TRUE,FALSE,FALSE,FALSE,TRUE
128,(none),TRUE,TRUE,FALSE,FALSE,FALSE,TRUE
129,(none),FALSE,TRUE,TRUE,FALSE,FALSE,TRUE
130,(none),FALSE,TRUE,TRUE,FALSE,FALSE,TRUE
131,(none),FALSE,TRUE,TRUE,FALSE,FALSE,TRUE
132,(none),FALSE,TRUE,TRUE,FALSE,FALSE,TRUE
133,(none),FALSE,TRUE,TRUE,FALSE,FALSE,TRUE
134,(none),FALSE,TRUE,TRUE,FALSE,FALSE,TRUE
135,(none),FALSE,TRUE,FALSE,FALSE,FALSE,TRUE
136,(none),TRUE,TRUE,FALSE,FALSE,FALSE,TRUE
137,(none),TRUE,TRUE,FALSE,FALSE,FALSE,FALSE
138,(none),TRUE,TRUE,FALSE,FALSE,FALSE,FALSE
139,(none),FALSE,TRUE,FALSE,FALSE,FALSE,FALSE
140,(none),FALSE,TRUE,FALSE,FALSE,FALSE,TRUE
141,"On one side of the San Antonio Zoo Train track is a golf course. The other side is a parking lot for the San Antonio Zoo. There is a ditch in-between the parking lot and the train track, and there are dumpsters in the parking lot. There are also many dips in the ground where puddles can form when it rains. The ditch, dumpsters, dips, and holes in the ground can allow for standing water to collect when it rains, and allow for mosquito breeding habitats.",TRUE,TRUE,FALSE,FALSE,FALSE,FALSE
142,"No mosquito habitats, residential grassy area",TRUE,TRUE,FALSE,FALSE,FALSE,FALSE
143,"No mosquito habitats, next to church (residential area)",TRUE,TRUE,FALSE,FALSE,FALSE,FALSE
144,(none),TRUE,TRUE,FALSE,FALSE,FALSE,FALSE
145,(none),TRUE,TRUE,FALSE,FALSE,FALSE,FALSE
146,(none),TRUE,TRUE,FALSE,FALSE,FALSE,FALSE
147,(none),TRUE,TRUE,FALSE,FALSE,FALSE,FALSE
148,"This area is filled with mosquito breeding habitats! The river is practically still, and there are pavilions, playgrounds, picnic areas, trash/recycling bins, grills and barbecue pits, and restrooms that can collect standing water when it rains.
This is also a popular picnic spot, and this area is filled with birds as well. There are various duck species, vultures, a lot of nesting egrets, and other smaller birds.",TRUE,TRUE,FALSE,FALSE,FALSE,TRUE
149,(none),TRUE,TRUE,FALSE,FALSE,FALSE,FALSE
150,(none),FALSE,TRUE,FALSE,FALSE,FALSE,FALSE
151,(none),FALSE,TRUE,FALSE,FALSE,FALSE,FALSE
152,(none),TRUE,TRUE,FALSE,FALSE,FALSE,FALSE
153,(none),TRUE,TRUE,FALSE,FALSE,FALSE,FALSE
154,(none),TRUE,TRUE,FALSE,FALSE,FALSE,FALSE
155,"I was planning to make a square by going forward here, but they unfortunately closed the entrance.",TRUE,TRUE,FALSE,FALSE,FALSE,FALSE
156,(none),TRUE,TRUE,FALSE,FALSE,FALSE,FALSE
157,(none),TRUE,TRUE,FALSE,FALSE,FALSE,FALSE
158,(none),TRUE,TRUE,FALSE,FALSE,FALSE,FALSE
159,(none),TRUE,TRUE,FALSE,FALSE,FALSE,FALSE
160,(none),TRUE,TRUE,FALSE,FALSE,FALSE,FALSE
161,(none),TRUE,TRUE,FALSE,FALSE,FALSE,FALSE
162,(none),TRUE,TRUE,FALSE,FALSE,FALSE,FALSE
163,(none),TRUE,TRUE,FALSE,FALSE,FALSE,FALSE
164,Adopt a pixel observation. This is Avondale park. Beyond the north west pavilion is a swimming pool for the neighborhood.,TRUE,TRUE,FALSE,FALSE,FALSE,TRUE
165,(none),TRUE,TRUE,FALSE,FALSE,FALSE,FALSE
166,(none),TRUE,TRUE,FALSE,FALSE,FALSE,FALSE
167,This is where one of my mosquito traps are.,TRUE,TRUE,FALSE,FALSE,FALSE,FALSE
168,This is where one of my mosquito traps is. It is in tall grass,TRUE,TRUE,FALSE,FALSE,FALSE,FALSE
169,(none),TRUE,TRUE,FALSE,FALSE,FALSE,FALSE
170,"There are many, many mosquito breeding habitats here. The river is practically still, and there are objects like trash/recycling bins, barbecue pits, pavilions, and restrooms that can collect standing water when it rains.
In addition to mosquito breeding habitats, there are a lot of birds here. There are various duck species, vultures, a lot of egrets, and other birds. This is also a popular picnic spot, especially during holidays like the 4th of July.",TRUE,TRUE,FALSE,FALSE,FALSE,TRUE
171,(none),TRUE,TRUE,FALSE,FALSE,FALSE,FALSE
172,(none),FALSE,TRUE,FALSE,FALSE,FALSE,FALSE
173,No mosquito habitat,TRUE,TRUE,FALSE,FALSE,FALSE,FALSE
174,No mosquito habitat,TRUE,TRUE,FALSE,FALSE,FALSE,FALSE
175,"This is in a residential neighborhood, next to a golf course.",TRUE,TRUE,FALSE,FALSE,FALSE,FALSE
176,No,TRUE,TRUE,FALSE,FALSE,FALSE,FALSE
177,Weeded and pruned occasionally- in a park but not typically staffed.,TRUE,TRUE,FALSE,FALSE,FALSE,FALSE
178,(none),TRUE,TRUE,FALSE,FALSE,FALSE,TRUE
179,(none),TRUE,TRUE,FALSE,FALSE,FALSE,FALSE
180,(none),TRUE,TRUE,FALSE,FALSE,FALSE,TRUE
181,Next to a man-made casting pond,TRUE,TRUE,FALSE,FALSE,FALSE,FALSE
182,Doesn't seem to be weeded or maintained like other areas of the park,TRUE,TRUE,FALSE,FALSE,FALSE,FALSE
183,Next to road leading to park and casting pond,TRUE,TRUE,FALSE,FALSE,FALSE,FALSE
184,(none),TRUE,TRUE,FALSE,FALSE,FALSE,FALSE
185,(none),TRUE,TRUE,FALSE,FALSE,FALSE,TRUE
186,(none),TRUE,TRUE,FALSE,FALSE,FALSE,FALSE
187,(none),TRUE,TRUE,FALSE,FALSE,FALSE,TRUE
188,(none),TRUE,TRUE,FALSE,FALSE,FALSE,FALSE
189,(none),TRUE,TRUE,FALSE,FALSE,FALSE,FALSE
190,Some fruit trees planted two months ago.,TRUE,TRUE,FALSE,FALSE,FALSE,FALSE
191,This is the backyard of my house.,TRUE,TRUE,FALSE,FALSE,FALSE,FALSE
192,Shade provided by roof above porch- residential.,TRUE,TRUE,FALSE,FALSE,FALSE,FALSE
193,(none),TRUE,TRUE,FALSE,FALSE,FALSE,FALSE
194,(none),TRUE,TRUE,FALSE,FALSE,FALSE,FALSE
195,(none),TRUE,TRUE,TRUE,TRUE,TRUE,TRUE
196,(none),TRUE,TRUE,FALSE,FALSE,FALSE,TRUE
197,(none),FALSE,TRUE,FALSE,FALSE,FALSE,FALSE
198,(none),FALSE,TRUE,FALSE,FALSE,FALSE,FALSE
199,(none),FALSE,TRUE,FALSE,FALSE,FALSE,FALSE
200,(none),FALSE,TRUE,FALSE,FALSE,FALSE,FALSE
201,(none),FALSE,TRUE,TRUE,FALSE,FALSE,FALSE
202,(none),TRUE,TRUE,FALSE,FALSE,FALSE,FALSE
203,(none),TRUE,TRUE,FALSE,FALSE,FALSE,FALSE
204,(none),FALSE,TRUE,FALSE,FALSE,FALSE,TRUE
205,(none),FALSE,TRUE,FALSE,FALSE,FALSE,FALSE
206,(none),FALSE,TRUE,FALSE,FALSE,FALSE,FALSE
207,(none),FALSE,TRUE,FALSE,FALSE,FALSE,FALSE
208,(none),FALSE,TRUE,FALSE,FALSE,FALSE,FALSE
209,(none),FALSE,TRUE,FALSE,FALSE,FALSE,FALSE
210,(none),FALSE,TRUE,FALSE,FALSE,FALSE,FALSE
211,(none),FALSE,TRUE,FALSE,FALSE,FALSE,FALSE
212,(none),FALSE,TRUE,FALSE,FALSE,FALSE,FALSE
213,(none),FALSE,TRUE,FALSE,FALSE,FALSE,FALSE
214,(none),FALSE,TRUE,FALSE,FALSE,FALSE,FALSE
215,(none),FALSE,TRUE,FALSE,FALSE,FALSE,FALSE
216,(none),FALSE,TRUE,FALSE,FALSE,FALSE,FALSE
217,(none),FALSE,TRUE,FALSE,FALSE,FALSE,FALSE
218,(none),FALSE,TRUE,FALSE,FALSE,FALSE,FALSE
219,(none),FALSE,TRUE,FALSE,FALSE,FALSE,FALSE
220,(none),FALSE,TRUE,FALSE,FALSE,FALSE,FALSE
221,(none),FALSE,TRUE,FALSE,FALSE,FALSE,FALSE
222,(none),FALSE,TRUE,FALSE,FALSE,FALSE,FALSE
223,(none),FALSE,TRUE,FALSE,FALSE,FALSE,FALSE
224,(none),FALSE,TRUE,FALSE,FALSE,FALSE,FALSE
225,(none),FALSE,TRUE,FALSE,FALSE,FALSE,FALSE
226,(none),FALSE,TRUE,FALSE,FALSE,FALSE,FALSE
227,(none),FALSE,TRUE,FALSE,FALSE,FALSE,FALSE
228,(none),FALSE,TRUE,FALSE,FALSE,FALSE,FALSE
229,(none),FALSE,TRUE,FALSE,FALSE,FALSE,FALSE
230,(none),FALSE,TRUE,FALSE,FALSE,FALSE,FALSE
231,(none),FALSE,TRUE,FALSE,FALSE,FALSE,FALSE
232,(none),FALSE,TRUE,FALSE,FALSE,FALSE,FALSE
233,(none),FALSE,TRUE,FALSE,FALSE,FALSE,FALSE
234,(none),FALSE,TRUE,FALSE,FALSE,FALSE,FALSE
235,(none),FALSE,TRUE,FALSE,FALSE,FALSE,FALSE
236,(none),FALSE,TRUE,FALSE,FALSE,FALSE,FALSE
237,(none),FALSE,TRUE,FALSE,FALSE,FALSE,FALSE
238,(none),FALSE,TRUE,FALSE,FALSE,FALSE,FALSE
239,(none),FALSE,TRUE,FALSE,FALSE,FALSE,FALSE
240,(none),FALSE,TRUE,FALSE,FALSE,FALSE,FALSE
241,(none),FALSE,TRUE,FALSE,FALSE,FALSE,FALSE
242,(none),FALSE,TRUE,FALSE,FALSE,FALSE,FALSE
243,(none),TRUE,TRUE,FALSE,FALSE,FALSE,FALSE
244,(none),TRUE,TRUE,FALSE,FALSE,FALSE,FALSE
245,(none),TRUE,TRUE,FALSE,FALSE,FALSE,FALSE
246,(none),FALSE,TRUE,FALSE,FALSE,FALSE,FALSE
247,(none),TRUE,TRUE,FALSE,FALSE,FALSE,FALSE
248,"Wintergarden park in bowling green, OH. This area used to be Great Black Swamp, which used to cover most of NW Ohio, incouding Bowling Green.",TRUE,TRUE,FALSE,FALSE,FALSE,FALSE
249,No mosquito habitats,TRUE,TRUE,FALSE,FALSE,FALSE,FALSE
250,Mosquitoes habitats near the ferns and standing water,TRUE,TRUE,TRUE,FALSE,FALSE,TRUE
251,Mosquito habitat near small bodies of standing water below ferns,TRUE,TRUE,TRUE,FALSE,FALSE,TRUE
252,(none),TRUE,TRUE,FALSE,FALSE,FALSE,FALSE
253,(none),TRUE,TRUE,FALSE,TRUE,FALSE,FALSE
254,(none),TRUE,TRUE,FALSE,FALSE,FALSE,FALSE
255,Water drainage is being improved soon in this area,TRUE,TRUE,TRUE,FALSE,FALSE,FALSE
256,(none),TRUE,TRUE,FALSE,FALSE,FALSE,FALSE
257,(none),FALSE,TRUE,FALSE,FALSE,FALSE,FALSE
258,(none),TRUE,TRUE,FALSE,FALSE,FALSE,FALSE
259,(none),TRUE,TRUE,FALSE,FALSE,FALSE,TRUE
260,(none),TRUE,TRUE,FALSE,FALSE,FALSE,FALSE
261,There used to be a prairie here less than 10 years ago. It was removed to build these houses instead afterwards.,FALSE,TRUE,FALSE,FALSE,FALSE,FALSE
262,"This used to be a golf course, but became a nature trail.",FALSE,TRUE,FALSE,FALSE,FALSE,FALSE
263,(none),TRUE,TRUE,FALSE,FALSE,FALSE,FALSE
264,(none),TRUE,TRUE,FALSE,FALSE,FALSE,TRUE
265,"This is a man-made lake with some form of water filter in the center that bubbles. It is also know to have swimmer’s itch, although the city may have said that so people wouldn’t swim in the lake that isn’t made for swimming.",TRUE,TRUE,FALSE,FALSE,FALSE,TRUE
266,(none),FALSE,TRUE,FALSE,FALSE,FALSE,FALSE
267,(none),TRUE,TRUE,FALSE,FALSE,FALSE,FALSE
268,(none),FALSE,TRUE,FALSE,FALSE,FALSE,FALSE
269,(none),FALSE,TRUE,FALSE,FALSE,FALSE,FALSE
270,(none),FALSE,TRUE,TRUE,FALSE,FALSE,FALSE
271,(none),FALSE,TRUE,FALSE,FALSE,FALSE,FALSE
272,"These photos are in my backyard, where I have set up many mosquito larvae traps.",TRUE,TRUE,FALSE,FALSE,FALSE,FALSE
273,This is where 1/5 of my mosquito habitats are. It is under a bush.,TRUE,TRUE,FALSE,FALSE,FALSE,FALSE
274,(none),TRUE,FALSE,FALSE,FALSE,FALSE,FALSE
275,(none),TRUE,TRUE,FALSE,FALSE,FALSE,FALSE
276,(none),TRUE,TRUE,FALSE,FALSE,FALSE,FALSE
277,(none),TRUE,TRUE,FALSE,FALSE,FALSE,FALSE
278,(none),TRUE,TRUE,TRUE,FALSE,FALSE,TRUE
279,(none),TRUE,TRUE,FALSE,FALSE,FALSE,TRUE
280,(none),TRUE,TRUE,FALSE,FALSE,FALSE,FALSE
281,(none),TRUE,TRUE,FALSE,FALSE,FALSE,FALSE
282,(none),TRUE,TRUE,FALSE,FALSE,FALSE,TRUE
283,(none),TRUE,TRUE,FALSE,FALSE,FALSE,FALSE
284,(none),TRUE,TRUE,FALSE,FALSE,FALSE,TRUE
285,(none),TRUE,TRUE,FALSE,FALSE,FALSE,TRUE
286,(none),TRUE,TRUE,FALSE,FALSE,FALSE,FALSE
287,(none),TRUE,TRUE,FALSE,FALSE,FALSE,FALSE
288,(none),TRUE,TRUE,FALSE,FALSE,FALSE,FALSE
289,(none),TRUE,TRUE,TRUE,FALSE,FALSE,FALSE
290,(none),TRUE,TRUE,FALSE,FALSE,FALSE,FALSE
291,(none),TRUE,TRUE,FALSE,FALSE,FALSE,FALSE
292,(none),TRUE,TRUE,FALSE,FALSE,FALSE,FALSE
293,(none),TRUE,TRUE,FALSE,FALSE,FALSE,TRUE
294,(none),TRUE,TRUE,FALSE,FALSE,FALSE,TRUE
295,(none),TRUE,TRUE,FALSE,FALSE,FALSE,FALSE
296,"The urban classification is for the school: Summit High School, which is in some of the photos.",TRUE,TRUE,FALSE,FALSE,FALSE,FALSE
297,"This is behind a relatively new neighborhood, so the lack of shrubs in some pictures is from clearing the are to build homes.",TRUE,TRUE,FALSE,FALSE,FALSE,FALSE
298,(none),TRUE,TRUE,FALSE,FALSE,FALSE,TRUE
299,(none),TRUE,TRUE,FALSE,FALSE,FALSE,TRUE
300,(none),TRUE,TRUE,FALSE,FALSE,FALSE,TRUE
301,(none),TRUE,TRUE,TRUE,FALSE,FALSE,TRUE
302,(none),TRUE,TRUE,FALSE,FALSE,FALSE,TRUE
303,Adopt a pixel observation,TRUE,TRUE,FALSE,FALSE,FALSE,FALSE
304,Adopt a pixel observation. This is at a sports field complex that has a baseball field and soccer fields. I am standing in the parking lot.,TRUE,TRUE,FALSE,FALSE,FALSE,FALSE
305,(none),FALSE,TRUE,FALSE,TRUE,FALSE,FALSE
306,(none),FALSE,TRUE,FALSE,TRUE,FALSE,FALSE
307,Mosquito traps set up,TRUE,TRUE,FALSE,FALSE,FALSE,FALSE
308,(none),FALSE,TRUE,FALSE,TRUE,FALSE,FALSE
309,(none),FALSE,TRUE,FALSE,TRUE,FALSE,FALSE
310,(none),FALSE,TRUE,FALSE,TRUE,FALSE,FALSE
311,(none),TRUE,TRUE,FALSE,FALSE,FALSE,FALSE
312,(none),TRUE,TRUE,FALSE,FALSE,FALSE,FALSE
313,There is a small creek Southeast that can’t be seen because of foliage,TRUE,TRUE,FALSE,FALSE,FALSE,FALSE
314,(none),FALSE,TRUE,TRUE,FALSE,FALSE,TRUE
315,(none),TRUE,TRUE,FALSE,FALSE,FALSE,FALSE
316,(none),TRUE,TRUE,FALSE,FALSE,FALSE,FALSE
317,Creek slightly visible in South picture bottom right hand corner,TRUE,TRUE,FALSE,FALSE,FALSE,TRUE
318,(none),TRUE,TRUE,FALSE,FALSE,FALSE,FALSE
319,Next to guidepost Montessori,TRUE,TRUE,TRUE,FALSE,FALSE,FALSE
320,(none),TRUE,TRUE,FALSE,FALSE,FALSE,FALSE
321,Adopt a pixel observation. This is on the street next to an apartment complex.,TRUE,TRUE,FALSE,FALSE,FALSE,FALSE
322,Adopt a pixel observation. This is an abandoned parking lot next to an abandoned building for sale.,TRUE,FALSE,FALSE,FALSE,FALSE,FALSE
323,Adopt a pixel observation. This is a neighborhood street by the subway station.,TRUE,TRUE,FALSE,FALSE,FALSE,FALSE
324,Adopt a pixel ovservation,TRUE,TRUE,FALSE,FALSE,FALSE,FALSE
325,Adopt a pixel observation. This is downtown where there are lots of storefronts.,TRUE,TRUE,FALSE,FALSE,FALSE,FALSE
326,Adopt a pixel observation. This is the Agnes Scott College campus.,TRUE,TRUE,TRUE,FALSE,FALSE,FALSE
327,Adopt a pixel observation,TRUE,TRUE,FALSE,FALSE,FALSE,FALSE
328,Adopt a pixel observation,TRUE,TRUE,FALSE,FALSE,FALSE,FALSE
329,Adopt a pixel observation. This is Winona park elementary school.,TRUE,TRUE,FALSE,FALSE,FALSE,FALSE
330,Adopt a pixel observation. No mosquito hábitats.,TRUE,TRUE,FALSE,FALSE,FALSE,FALSE
331,Adopt a pixel observation. This is next to the brand new Talley Street Elementsry School. To the north there is construction for the Talley Street Station.,TRUE,TRUE,FALSE,FALSE,FALSE,FALSE
332,Adopt a pixel observation. No mosquito hábitats observed.,TRUE,TRUE,FALSE,FALSE,FALSE,FALSE
333,Adopt a pixel observation,TRUE,TRUE,FALSE,FALSE,FALSE,FALSE
334,Winona park neighborhood by the Colombia Theological Seminary. Adopt a pixel observation,TRUE,TRUE,FALSE,FALSE,FALSE,FALSE
335,My backyard with five mosquito ovitraps,TRUE,TRUE,FALSE,FALSE,FALSE,FALSE
336,(none),FALSE,TRUE,FALSE,FALSE,FALSE,FALSE
337,(none),TRUE,TRUE,FALSE,FALSE,FALSE,FALSE
338,Construction of the sidewalks is ongoing at this location.,TRUE,TRUE,FALSE,FALSE,FALSE,FALSE
339,Sidewalk construction ongoing.,TRUE,TRUE,FALSE,FALSE,FALSE,FALSE
340,(none),FALSE,TRUE,FALSE,FALSE,FALSE,FALSE
341,(none),FALSE,TRUE,FALSE,FALSE,FALSE,FALSE
342,(none),FALSE,TRUE,FALSE,TRUE,FALSE,FALSE
343,elementary School building,TRUE,TRUE,FALSE,FALSE,FALSE,FALSE
344,(none),FALSE,TRUE,FALSE,TRUE,FALSE,FALSE
345,(none),FALSE,TRUE,FALSE,FALSE,FALSE,FALSE
346,(none),FALSE,TRUE,FALSE,FALSE,FALSE,FALSE
347,(none),FALSE,TRUE,FALSE,FALSE,FALSE,FALSE
348,(none),FALSE,TRUE,FALSE,FALSE,FALSE,FALSE
349,(none),FALSE,TRUE,FALSE,FALSE,FALSE,FALSE
350,(none),FALSE,TRUE,FALSE,FALSE,FALSE,FALSE
351,(none),FALSE,TRUE,FALSE,FALSE,FALSE,FALSE
352,(none),FALSE,TRUE,FALSE,FALSE,FALSE,FALSE
353,No mosquito larvae found (1 potential habitat-rain gutter) residential area,TRUE,TRUE,FALSE,FALSE,FALSE,FALSE
354,"No mosquito habitats, ranch area",TRUE,TRUE,FALSE,FALSE,FALSE,FALSE
355,On residential property,TRUE,TRUE,FALSE,FALSE,FALSE,FALSE
356,It has not rain in over a week,TRUE,TRUE,FALSE,FALSE,FALSE,FALSE
357,(none),TRUE,TRUE,FALSE,FALSE,FALSE,FALSE
358,(none),TRUE,TRUE,FALSE,FALSE,FALSE,FALSE
359,"High temperatures, humid weather, mosquitoes  present in the area.",TRUE,TRUE,FALSE,FALSE,FALSE,FALSE
360,(none),TRUE,TRUE,FALSE,FALSE,FALSE,FALSE
361,(none),TRUE,TRUE,FALSE,FALSE,FALSE,FALSE
362,(none),TRUE,TRUE,FALSE,FALSE,FALSE,FALSE
363,(none),TRUE,TRUE,TRUE,FALSE,FALSE,TRUE
364,Large Mosquito Larvae Habitat,TRUE,TRUE,TRUE,FALSE,FALSE,TRUE
365,(none),TRUE,TRUE,FALSE,FALSE,FALSE,FALSE
366,(none),TRUE,TRUE,FALSE,FALSE,FALSE,FALSE
367,(none),FALSE,TRUE,FALSE,FALSE,FALSE,FALSE
368,(none),FALSE,TRUE,FALSE,FALSE,FALSE,FALSE
369,(none),FALSE,TRUE,FALSE,FALSE,FALSE,FALSE
370,(none),FALSE,TRUE,FALSE,FALSE,FALSE,FALSE
371,(none),TRUE,TRUE,FALSE,FALSE,FALSE,FALSE
372,(none),FALSE,TRUE,FALSE,FALSE,FALSE,FALSE
373,(none),FALSE,TRUE,FALSE,FALSE,FALSE,FALSE
374,Lots of activity- entrance to a footpath down to a large park.,TRUE,TRUE,FALSE,FALSE,FALSE,FALSE
375,On a busy residential street,TRUE,TRUE,FALSE,FALSE,FALSE,FALSE
376,(none),TRUE,TRUE,FALSE,FALSE,FALSE,FALSE
377,Mosquito traps added,TRUE,TRUE,FALSE,FALSE,FALSE,FALSE
378,Mosquito traps added,TRUE,TRUE,FALSE,FALSE,FALSE,FALSE
379,Mosquito traps added,TRUE,TRUE,FALSE,FALSE,FALSE,FALSE
380,(none),TRUE,TRUE,FALSE,FALSE,FALSE,TRUE
381,"The pond has fish in it and organic pollution, but the nearby runoffs might contain mosquito habitats",TRUE,TRUE,FALSE,FALSE,FALSE,FALSE
382,Possible mosquito habitats on pond,TRUE,TRUE,TRUE,FALSE,FALSE,TRUE
383,No mosquito habitats (pond has fish),TRUE,TRUE,TRUE,FALSE,FALSE,TRUE
384,(none),TRUE,TRUE,FALSE,FALSE,FALSE,FALSE
385,(none),TRUE,TRUE,FALSE,FALSE,FALSE,FALSE
386,(none),TRUE,TRUE,FALSE,FALSE,FALSE,FALSE
387,(none),TRUE,TRUE,FALSE,FALSE,FALSE,FALSE
388,(none),FALSE,TRUE,TRUE,FALSE,FALSE,FALSE
389,(none),FALSE,FALSE,TRUE,FALSE,FALSE,FALSE
390,(none),TRUE,TRUE,TRUE,FALSE,FALSE,FALSE
391,This is Simpson Garden Park-the pond is man-made and the plants may be planted,TRUE,TRUE,FALSE,FALSE,FALSE,TRUE
392,Parking lot of wood county hospital,TRUE,TRUE,FALSE,FALSE,FALSE,FALSE
393,(none),TRUE,TRUE,FALSE,FALSE,FALSE,FALSE
394,(none),TRUE,TRUE,FALSE,TRUE,FALSE,FALSE
395,Parking lot of High Lakes Elementary School,TRUE,TRUE,FALSE,TRUE,FALSE,FALSE
396,Summit High School,TRUE,TRUE,FALSE,TRUE,FALSE,FALSE
397,(none),FALSE,TRUE,FALSE,TRUE,FALSE,FALSE
398,(none),FALSE,TRUE,FALSE,TRUE,FALSE,FALSE
399,(none),FALSE,TRUE,FALSE,FALSE,FALSE,FALSE
400,(none),FALSE,TRUE,FALSE,TRUE,FALSE,FALSE
401,I believe construction is happening on the water tanks (N photo),FALSE,TRUE,FALSE,TRUE,FALSE,FALSE
402,(none),FALSE,TRUE,FALSE,TRUE,FALSE,FALSE
403,(none),FALSE,TRUE,FALSE,FALSE,FALSE,FALSE
404,(none),FALSE,TRUE,FALSE,FALSE,FALSE,FALSE
405,(none),FALSE,TRUE,FALSE,FALSE,FALSE,FALSE
406,(none),FALSE,TRUE,FALSE,FALSE,FALSE,FALSE
407,(none),FALSE,TRUE,FALSE,FALSE,FALSE,FALSE
408,(none),FALSE,TRUE,FALSE,FALSE,FALSE,FALSE
409,City park in bowling Green OH,TRUE,TRUE,FALSE,FALSE,FALSE,FALSE
410,(none),FALSE,TRUE,FALSE,FALSE,FALSE,FALSE
411,(none),TRUE,TRUE,FALSE,FALSE,FALSE,FALSE
412,(none),TRUE,TRUE,FALSE,FALSE,FALSE,FALSE
413,(none),TRUE,TRUE,FALSE,FALSE,FALSE,FALSE
414,(none),TRUE,TRUE,FALSE,FALSE,FALSE,FALSE
415,(none),TRUE,TRUE,FALSE,FALSE,FALSE,FALSE
416,(none),TRUE,TRUE,FALSE,FALSE,FALSE,FALSE
417,(none),TRUE,TRUE,FALSE,FALSE,FALSE,FALSE
418,(none),TRUE,TRUE,FALSE,FALSE,FALSE,FALSE
419,(none),TRUE,TRUE,FALSE,FALSE,FALSE,FALSE
420,(none),TRUE,TRUE,FALSE,FALSE,FALSE,FALSE
421,(none),FALSE,TRUE,FALSE,FALSE,FALSE,FALSE
422,(none),TRUE,TRUE,FALSE,FALSE,FALSE,FALSE
423,(none),TRUE,TRUE,FALSE,FALSE,FALSE,FALSE
424,(none),TRUE,TRUE,FALSE,TRUE,FALSE,FALSE
425,(none),FALSE,TRUE,TRUE,FALSE,FALSE,FALSE
426,(none),FALSE,TRUE,TRUE,FALSE,FALSE,TRUE
427,(none),FALSE,TRUE,TRUE,FALSE,FALSE,TRUE
428,"No mosquito habitats found, residential area (next to Washington Federal Bank)",TRUE,TRUE,FALSE,FALSE,FALSE,FALSE
429,"No mosquito habitats found,residential area",TRUE,TRUE,FALSE,FALSE,FALSE,FALSE
430,"No mosquito habitats observed, residential area on hill",TRUE,TRUE,FALSE,FALSE,FALSE,FALSE
431,"No mosquito habitats, residential area on hill",TRUE,TRUE,FALSE,FALSE,FALSE,FALSE
432,"No mosquito habitats, residential area",TRUE,TRUE,FALSE,FALSE,FALSE,FALSE
433,"No mosquito habitats, residential area",TRUE,TRUE,FALSE,FALSE,FALSE,FALSE
434,(none),TRUE,TRUE,FALSE,FALSE,FALSE,FALSE
435,(none),TRUE,TRUE,FALSE,FALSE,FALSE,FALSE
436,"No mosquito habitats, residential area",TRUE,TRUE,FALSE,FALSE,FALSE,FALSE
437,(none),TRUE,TRUE,FALSE,FALSE,FALSE,FALSE
438,(none),TRUE,TRUE,FALSE,FALSE,FALSE,FALSE
439,(none),FALSE,TRUE,FALSE,FALSE,FALSE,FALSE
440,(none),FALSE,TRUE,FALSE,FALSE,FALSE,FALSE
441,(none),FALSE,TRUE,FALSE,FALSE,FALSE,FALSE
442,(none),TRUE,TRUE,FALSE,FALSE,FALSE,FALSE
443,Could not take a North picture due to presence of many cars.,FALSE,TRUE,FALSE,FALSE,FALSE,FALSE
444,(none),TRUE,TRUE,FALSE,FALSE,FALSE,FALSE
445,(none),TRUE,TRUE,FALSE,FALSE,FALSE,FALSE
446,(none),TRUE,TRUE,FALSE,FALSE,FALSE,TRUE
447,(none),FALSE,TRUE,FALSE,FALSE,FALSE,FALSE
448,Directions are slightly off due to presence of houses and cars.,FALSE,TRUE,FALSE,FALSE,FALSE,FALSE
449,(none),TRUE,TRUE,FALSE,FALSE,FALSE,FALSE
450,(none),FALSE,TRUE,FALSE,FALSE,FALSE,FALSE
451,(none),TRUE,TRUE,FALSE,FALSE,FALSE,FALSE
452,"elevated slope land, next to gravel like road near a farm",FALSE,TRUE,FALSE,FALSE,FALSE,TRUE
453,(none),TRUE,FALSE,TRUE,FALSE,FALSE,FALSE
454,(none),TRUE,FALSE,FALSE,FALSE,FALSE,FALSE
455,(none),FALSE,TRUE,TRUE,FALSE,FALSE,TRUE
456,creek on other side,FALSE,FALSE,FALSE,FALSE,FALSE,FALSE
457,(none),TRUE,TRUE,FALSE,FALSE,FALSE,FALSE
458,(none),FALSE,TRUE,FALSE,FALSE,FALSE,FALSE
459,creek behind the fence,FALSE,TRUE,FALSE,FALSE,FALSE,TRUE
460,farm towards the south,FALSE,TRUE,FALSE,FALSE,FALSE,FALSE
461,(none),FALSE,TRUE,TRUE,FALSE,FALSE,FALSE
462,(none),FALSE,TRUE,FALSE,FALSE,FALSE,FALSE
463,(none),FALSE,TRUE,FALSE,FALSE,FALSE,FALSE
464,(none),FALSE,TRUE,FALSE,FALSE,FALSE,FALSE
465,(none),FALSE,TRUE,FALSE,FALSE,FALSE,FALSE
466,(none),TRUE,TRUE,FALSE,FALSE,FALSE,FALSE
467,"No mosquito habitats, residential area",TRUE,TRUE,FALSE,FALSE,FALSE,FALSE
468,"No mosquito habitats, residential area (next to church)",TRUE,TRUE,FALSE,FALSE,FALSE,FALSE
469,"Residential area, no mosquito habitats found",TRUE,TRUE,FALSE,FALSE,FALSE,FALSE
470,(none),TRUE,TRUE,FALSE,FALSE,FALSE,FALSE
471,(none),TRUE,TRUE,FALSE,FALSE,FALSE,FALSE
472,(none),TRUE,TRUE,FALSE,FALSE,FALSE,FALSE
473,(none),TRUE,TRUE,FALSE,FALSE,FALSE,FALSE
474,(none),TRUE,TRUE,FALSE,FALSE,FALSE,FALSE
475,(none),TRUE,TRUE,FALSE,FALSE,FALSE,FALSE
476,(none),FALSE,TRUE,TRUE,FALSE,FALSE,FALSE
477,(none),FALSE,TRUE,TRUE,FALSE,FALSE,TRUE
478,(none),TRUE,TRUE,TRUE,TRUE,FALSE,FALSE
479,This is the old children’s home. It is mostly grass fields. It was bought by the city schools of Decatur and there are construction plans that have not started yet. This part that I photographed is closer to the main road. On the east side there is a small body of water and nature trails.,TRUE,TRUE,TRUE,FALSE,FALSE,FALSE
480,No mosquito habitats,TRUE,TRUE,FALSE,FALSE,FALSE,FALSE
481,(none),TRUE,TRUE,FALSE,FALSE,FALSE,FALSE
482,(none),TRUE,TRUE,FALSE,FALSE,FALSE,FALSE
483,(none),TRUE,TRUE,FALSE,FALSE,FALSE,FALSE
484,(none),TRUE,TRUE,FALSE,FALSE,FALSE,FALSE
485,(none),TRUE,TRUE,FALSE,FALSE,FALSE,FALSE
486,(none),TRUE,TRUE,FALSE,FALSE,FALSE,FALSE
487,(none),TRUE,TRUE,FALSE,FALSE,FALSE,FALSE
488,(none),TRUE,TRUE,TRUE,FALSE,FALSE,FALSE
489,(none),TRUE,TRUE,FALSE,FALSE,FALSE,FALSE
490,(none),TRUE,TRUE,FALSE,FALSE,FALSE,FALSE
491,(none),TRUE,TRUE,FALSE,FALSE,FALSE,FALSE
492,(none),TRUE,TRUE,FALSE,FALSE,FALSE,TRUE
493,(none),TRUE,TRUE,FALSE,FALSE,FALSE,FALSE
494,(none),TRUE,TRUE,FALSE,FALSE,FALSE,FALSE
495,(none),TRUE,TRUE,FALSE,FALSE,FALSE,FALSE
496,(none),TRUE,TRUE,FALSE,FALSE,FALSE,FALSE
497,(none),TRUE,TRUE,FALSE,FALSE,FALSE,FALSE
498,(none),TRUE,TRUE,FALSE,FALSE,FALSE,FALSE
499,(none),TRUE,TRUE,FALSE,FALSE,FALSE,FALSE
500,(none),TRUE,TRUE,TRUE,FALSE,FALSE,TRUE
501,It doesn’t rain a lot.,TRUE,TRUE,FALSE,FALSE,FALSE,FALSE
502,"High temperatures, drought in the las couple of weeks, mosquitoes present.",TRUE,TRUE,FALSE,FALSE,FALSE,FALSE
503,(none),TRUE,TRUE,FALSE,FALSE,FALSE,FALSE
504,(none),TRUE,TRUE,FALSE,FALSE,FALSE,FALSE
505,(none),TRUE,TRUE,FALSE,FALSE,FALSE,FALSE
506,(none),TRUE,TRUE,FALSE,FALSE,FALSE,TRUE
507,(none),TRUE,TRUE,FALSE,FALSE,FALSE,FALSE
508,No mosquito habitat,TRUE,TRUE,FALSE,FALSE,FALSE,FALSE
509,No mosquito habitat,TRUE,TRUE,TRUE,FALSE,FALSE,FALSE
510,No mosquito habitat,TRUE,TRUE,FALSE,FALSE,FALSE,FALSE
511,No mosquito habitat,TRUE,TRUE,FALSE,FALSE,FALSE,FALSE
512,No mosquito habitat,TRUE,TRUE,FALSE,FALSE,FALSE,FALSE
513,(none),TRUE,TRUE,FALSE,FALSE,FALSE,FALSE
514,(none),TRUE,TRUE,FALSE,FALSE,FALSE,FALSE
515,(none),TRUE,TRUE,FALSE,FALSE,FALSE,FALSE
516,(none),TRUE,TRUE,FALSE,FALSE,FALSE,FALSE
517,(none),TRUE,TRUE,FALSE,FALSE,FALSE,FALSE
518,(none),TRUE,TRUE,FALSE,FALSE,FALSE,FALSE
519,(none),TRUE,TRUE,FALSE,FALSE,FALSE,FALSE
520,(none),TRUE,TRUE,FALSE,FALSE,FALSE,FALSE
521,(none),TRUE,TRUE,FALSE,FALSE,FALSE,FALSE
522,(none),TRUE,TRUE,FALSE,FALSE,FALSE,FALSE
523,No mosquito habitat,TRUE,TRUE,FALSE,FALSE,FALSE,FALSE
524,No mosquito habitat,TRUE,TRUE,FALSE,FALSE,FALSE,FALSE
525,No mosquito habitat,TRUE,TRUE,FALSE,FALSE,FALSE,FALSE
526,No mosquito habitat,TRUE,TRUE,FALSE,FALSE,FALSE,FALSE
527,No mosquito habitat,TRUE,TRUE,FALSE,FALSE,FALSE,FALSE
528,No mosquito habitat,TRUE,TRUE,FALSE,FALSE,FALSE,FALSE
529,No mosquito habitat,TRUE,TRUE,FALSE,FALSE,FALSE,FALSE
530,No mosquito habitat,TRUE,TRUE,FALSE,FALSE,FALSE,FALSE
531,(none),FALSE,TRUE,FALSE,FALSE,FALSE,FALSE
532,(none),TRUE,TRUE,FALSE,FALSE,FALSE,FALSE
533,(none),TRUE,TRUE,FALSE,FALSE,FALSE,FALSE
534,(none),TRUE,TRUE,FALSE,FALSE,FALSE,FALSE
535,(none),TRUE,TRUE,FALSE,FALSE,FALSE,FALSE
536,(none),TRUE,TRUE,FALSE,FALSE,FALSE,FALSE
537,(none),TRUE,TRUE,FALSE,FALSE,FALSE,FALSE
538,(none),TRUE,TRUE,FALSE,FALSE,FALSE,FALSE
539,(none),TRUE,TRUE,FALSE,FALSE,FALSE,FALSE
540,(none),TRUE,TRUE,TRUE,FALSE,FALSE,TRUE
541,(none),TRUE,TRUE,FALSE,FALSE,FALSE,FALSE
542,(none),TRUE,TRUE,FALSE,FALSE,FALSE,TRUE
543,(none),TRUE,TRUE,FALSE,FALSE,FALSE,FALSE
544,(none),TRUE,TRUE,FALSE,FALSE,FALSE,FALSE
545,(none),TRUE,TRUE,FALSE,FALSE,FALSE,FALSE
546,(none),TRUE,TRUE,FALSE,FALSE,FALSE,FALSE
547,(none),TRUE,TRUE,FALSE,FALSE,FALSE,FALSE
548,(none),TRUE,TRUE,FALSE,FALSE,FALSE,FALSE
549,(none),FALSE,TRUE,FALSE,FALSE,FALSE,FALSE
550,(none),FALSE,TRUE,FALSE,FALSE,FALSE,FALSE
551,(none),FALSE,TRUE,FALSE,FALSE,FALSE,FALSE
552,(none),TRUE,TRUE,FALSE,FALSE,FALSE,FALSE
553,(none),TRUE,TRUE,FALSE,FALSE,FALSE,FALSE
554,(none),TRUE,TRUE,FALSE,FALSE,FALSE,FALSE
555,(none),TRUE,TRUE,FALSE,FALSE,FALSE,FALSE
556,(none),TRUE,TRUE,FALSE,FALSE,FALSE,FALSE
557,(none),TRUE,TRUE,FALSE,FALSE,FALSE,FALSE
558,New trees recently planted,TRUE,TRUE,FALSE,FALSE,FALSE,FALSE
559,(none),TRUE,TRUE,FALSE,FALSE,FALSE,FALSE
560,No water or mosquitos habitat,TRUE,TRUE,FALSE,FALSE,FALSE,FALSE
561,(none),TRUE,TRUE,FALSE,FALSE,FALSE,FALSE
562,(none),TRUE,TRUE,FALSE,FALSE,FALSE,TRUE
563,No standing water or mosquito habitat,TRUE,TRUE,FALSE,FALSE,FALSE,FALSE
564,(none),FALSE,TRUE,FALSE,FALSE,FALSE,FALSE
565,No standing water,TRUE,TRUE,FALSE,FALSE,FALSE,FALSE
566,(none),TRUE,TRUE,FALSE,FALSE,FALSE,TRUE
567,(none),TRUE,TRUE,FALSE,FALSE,FALSE,TRUE
568,(none),TRUE,TRUE,FALSE,FALSE,FALSE,TRUE
569,(none),FALSE,TRUE,FALSE,FALSE,FALSE,FALSE
570,(none),FALSE,TRUE,FALSE,FALSE,FALSE,FALSE
571,(none),FALSE,TRUE,FALSE,FALSE,FALSE,FALSE
572,(none),FALSE,TRUE,FALSE,FALSE,FALSE,FALSE
573,(none),FALSE,TRUE,FALSE,FALSE,FALSE,FALSE
574,(none),FALSE,TRUE,FALSE,FALSE,FALSE,FALSE
575,(none),FALSE,TRUE,FALSE,FALSE,FALSE,FALSE
576,(none),FALSE,TRUE,FALSE,FALSE,FALSE,FALSE
577,(none),FALSE,TRUE,FALSE,FALSE,FALSE,FALSE
578,(none),FALSE,TRUE,FALSE,FALSE,FALSE,FALSE
579,(none),TRUE,TRUE,FALSE,FALSE,FALSE,FALSE
580,(none),TRUE,TRUE,FALSE,FALSE,FALSE,FALSE
581,(none),TRUE,TRUE,FALSE,FALSE,FALSE,FALSE
582,(none),TRUE,TRUE,FALSE,FALSE,FALSE,FALSE
583,(none),TRUE,TRUE,FALSE,FALSE,FALSE,FALSE
584,No mosquito habitats,TRUE,TRUE,FALSE,FALSE,FALSE,FALSE
585,(none),TRUE,TRUE,FALSE,FALSE,FALSE,FALSE
586,(none),FALSE,TRUE,FALSE,FALSE,FALSE,FALSE
587,(none),TRUE,TRUE,FALSE,FALSE,FALSE,FALSE
588,(none),TRUE,TRUE,FALSE,FALSE,FALSE,FALSE
589,(none),TRUE,TRUE,FALSE,FALSE,FALSE,FALSE
590,(none),TRUE,TRUE,FALSE,FALSE,FALSE,FALSE
591,(none),TRUE,TRUE,FALSE,FALSE,FALSE,FALSE
592,(none),TRUE,TRUE,FALSE,FALSE,FALSE,FALSE
593,(none),TRUE,TRUE,FALSE,FALSE,FALSE,FALSE
594,(none),TRUE,TRUE,FALSE,FALSE,FALSE,FALSE
595,(none),TRUE,TRUE,FALSE,FALSE,FALSE,FALSE
596,(none),TRUE,TRUE,FALSE,FALSE,FALSE,FALSE
597,(none),TRUE,TRUE,FALSE,FALSE,FALSE,FALSE
598,(none),TRUE,TRUE,FALSE,FALSE,FALSE,FALSE
599,(none),TRUE,TRUE,FALSE,FALSE,FALSE,FALSE
600,(none),TRUE,TRUE,FALSE,FALSE,FALSE,FALSE
601,(none),TRUE,TRUE,FALSE,FALSE,FALSE,FALSE
602,(none),TRUE,TRUE,FALSE,FALSE,FALSE,FALSE
603,(none),TRUE,TRUE,FALSE,FALSE,FALSE,FALSE
604,(none),TRUE,TRUE,FALSE,FALSE,FALSE,FALSE
605,(none),TRUE,TRUE,FALSE,FALSE,FALSE,FALSE
606,(none),TRUE,TRUE,FALSE,FALSE,FALSE,FALSE
607,(none),TRUE,TRUE,FALSE,FALSE,FALSE,FALSE
608,(none),TRUE,TRUE,FALSE,FALSE,FALSE,FALSE
609,(none),TRUE,TRUE,FALSE,FALSE,FALSE,FALSE
610,(none),TRUE,TRUE,FALSE,FALSE,FALSE,FALSE
611,(none),TRUE,TRUE,FALSE,FALSE,FALSE,FALSE
612,(none),FALSE,TRUE,FALSE,FALSE,FALSE,FALSE
613,(none),FALSE,TRUE,FALSE,FALSE,FALSE,FALSE
614,(none),TRUE,TRUE,FALSE,FALSE,FALSE,FALSE
615,(none),TRUE,TRUE,FALSE,FALSE,FALSE,FALSE
616,(none),TRUE,TRUE,FALSE,FALSE,FALSE,FALSE
617,(none),TRUE,TRUE,FALSE,FALSE,FALSE,TRUE
618,(none),TRUE,TRUE,FALSE,FALSE,FALSE,FALSE
619,(none),TRUE,TRUE,FALSE,FALSE,FALSE,FALSE
620,(none),TRUE,TRUE,FALSE,FALSE,FALSE,FALSE
621,(none),TRUE,TRUE,FALSE,FALSE,FALSE,FALSE
622,(none),TRUE,TRUE,FALSE,FALSE,FALSE,FALSE
623,(none),TRUE,TRUE,FALSE,FALSE,FALSE,FALSE
624,(none),TRUE,TRUE,TRUE,FALSE,FALSE,TRUE
625,(none),FALSE,TRUE,FALSE,FALSE,FALSE,FALSE
626,(none),TRUE,TRUE,FALSE,FALSE,FALSE,FALSE
627,Church of Jesus Christ of Latter Day Saints,TRUE,TRUE,FALSE,FALSE,FALSE,FALSE
628,(none),TRUE,TRUE,FALSE,FALSE,FALSE,FALSE
629,(none),TRUE,TRUE,FALSE,FALSE,FALSE,FALSE
630,Westside Church,TRUE,TRUE,FALSE,FALSE,FALSE,FALSE
631,(none),TRUE,TRUE,FALSE,FALSE,FALSE,FALSE
632,(none),TRUE,TRUE,FALSE,FALSE,FALSE,FALSE
633,(none),TRUE,TRUE,FALSE,FALSE,FALSE,FALSE
634,West Bend Trail,TRUE,TRUE,FALSE,FALSE,FALSE,FALSE
635,(none),TRUE,TRUE,FALSE,FALSE,FALSE,FALSE
636,(none),TRUE,TRUE,TRUE,FALSE,FALSE,TRUE
637,(none),FALSE,TRUE,FALSE,FALSE,FALSE,FALSE
638,(none),FALSE,TRUE,FALSE,FALSE,FALSE,FALSE
639,(none),FALSE,TRUE,FALSE,FALSE,FALSE,FALSE
640,(none),FALSE,TRUE,FALSE,FALSE,FALSE,FALSE
641,(none),TRUE,TRUE,FALSE,FALSE,FALSE,FALSE
642,(none),TRUE,TRUE,FALSE,FALSE,FALSE,FALSE
643,(none),TRUE,TRUE,FALSE,FALSE,FALSE,FALSE
644,(none),TRUE,TRUE,FALSE,FALSE,FALSE,TRUE
645,(none),TRUE,TRUE,FALSE,FALSE,FALSE,FALSE
646,(none),TRUE,TRUE,FALSE,FALSE,FALSE,FALSE
647,Residential Neighborhood,TRUE,TRUE,FALSE,FALSE,FALSE,FALSE
648,Residential Neighborhood,TRUE,TRUE,FALSE,FALSE,FALSE,FALSE
649,(none),TRUE,TRUE,FALSE,FALSE,FALSE,FALSE
650,(none),TRUE,TRUE,FALSE,FALSE,FALSE,FALSE
651,(none),TRUE,TRUE,FALSE,FALSE,FALSE,FALSE
652,(none),TRUE,TRUE,FALSE,FALSE,FALSE,FALSE
653,(none),TRUE,TRUE,FALSE,FALSE,FALSE,FALSE
654,(none),TRUE,TRUE,FALSE,FALSE,FALSE,FALSE
655,(none),TRUE,TRUE,FALSE,FALSE,FALSE,FALSE
656,(none),TRUE,TRUE,FALSE,FALSE,FALSE,FALSE
657,(none),TRUE,TRUE,FALSE,FALSE,FALSE,FALSE
658,(none),TRUE,TRUE,FALSE,FALSE,FALSE,FALSE
659,(none),FALSE,TRUE,FALSE,FALSE,FALSE,FALSE
660,No mosquito habitats.,TRUE,TRUE,FALSE,FALSE,FALSE,FALSE
661,No mosquito habitats.,TRUE,TRUE,FALSE,FALSE,FALSE,FALSE
662,"No mosquito habitats, no standing water",TRUE,TRUE,FALSE,FALSE,FALSE,FALSE
663,(none),FALSE,TRUE,FALSE,FALSE,FALSE,FALSE
664,(none),FALSE,TRUE,FALSE,FALSE,FALSE,FALSE
665,(none),FALSE,TRUE,FALSE,FALSE,FALSE,FALSE
666,(none),FALSE,TRUE,FALSE,FALSE,FALSE,FALSE
667,(none),FALSE,TRUE,FALSE,FALSE,FALSE,FALSE
668,(none),FALSE,TRUE,FALSE,FALSE,FALSE,FALSE
669,(none),FALSE,TRUE,FALSE,FALSE,FALSE,FALSE
670,(none),FALSE,TRUE,FALSE,FALSE,FALSE,FALSE
671,(none),FALSE,TRUE,FALSE,FALSE,FALSE,FALSE
672,(none),FALSE,TRUE,FALSE,FALSE,FALSE,FALSE
673,(none),FALSE,TRUE,FALSE,FALSE,FALSE,FALSE
674,(none),TRUE,TRUE,FALSE,FALSE,FALSE,FALSE
675,(none),TRUE,TRUE,FALSE,FALSE,FALSE,FALSE
676,(none),TRUE,TRUE,FALSE,FALSE,FALSE,FALSE
677,(none),TRUE,TRUE,FALSE,FALSE,FALSE,FALSE
678,(none),TRUE,TRUE,FALSE,FALSE,FALSE,TRUE
679,(none),TRUE,TRUE,FALSE,FALSE,FALSE,FALSE
680,(none),TRUE,TRUE,FALSE,FALSE,FALSE,TRUE
681,(none),TRUE,TRUE,FALSE,FALSE,FALSE,FALSE
682,(none),TRUE,TRUE,FALSE,FALSE,FALSE,FALSE
683,(none),TRUE,TRUE,FALSE,FALSE,FALSE,FALSE
684,(none),TRUE,TRUE,FALSE,FALSE,FALSE,FALSE
685,(none),TRUE,TRUE,FALSE,FALSE,FALSE,FALSE
686,(none),TRUE,TRUE,FALSE,FALSE,FALSE,TRUE
687,(none),TRUE,TRUE,FALSE,FALSE,FALSE,FALSE
688,(none),TRUE,TRUE,FALSE,FALSE,FALSE,FALSE
689,(none),TRUE,TRUE,FALSE,FALSE,FALSE,FALSE
690,(none),TRUE,TRUE,FALSE,FALSE,FALSE,FALSE
691,(none),TRUE,TRUE,FALSE,TRUE,FALSE,FALSE
692,(none),TRUE,TRUE,FALSE,FALSE,FALSE,FALSE
693,(none),TRUE,TRUE,FALSE,TRUE,FALSE,FALSE
694,(none),FALSE,TRUE,FALSE,FALSE,FALSE,FALSE
695,(none),FALSE,TRUE,FALSE,FALSE,FALSE,FALSE
696,(none),FALSE,TRUE,FALSE,FALSE,FALSE,FALSE
697,(none),FALSE,TRUE,FALSE,FALSE,FALSE,FALSE
698,(none),FALSE,TRUE,FALSE,FALSE,FALSE,FALSE
699,(none),FALSE,TRUE,FALSE,FALSE,FALSE,FALSE
700,(none),FALSE,TRUE,FALSE,FALSE,FALSE,TRUE
701,(none),FALSE,TRUE,FALSE,FALSE,FALSE,FALSE
702,(none),FALSE,TRUE,FALSE,FALSE,FALSE,FALSE
703,(none),FALSE,TRUE,FALSE,FALSE,FALSE,TRUE
704,(none),FALSE,TRUE,FALSE,FALSE,FALSE,FALSE
705,(none),FALSE,TRUE,FALSE,FALSE,FALSE,FALSE
706,(none),FALSE,TRUE,FALSE,FALSE,FALSE,FALSE
707,(none),FALSE,TRUE,FALSE,FALSE,FALSE,FALSE
708,Mosquito habitat,FALSE,TRUE,TRUE,TRUE,FALSE,TRUE
709,(none),TRUE,TRUE,FALSE,TRUE,FALSE,FALSE
710,(none),TRUE,TRUE,FALSE,FALSE,FALSE,FALSE
711,(none),FALSE,TRUE,FALSE,TRUE,FALSE,FALSE
712,(none),TRUE,TRUE,FALSE,TRUE,FALSE,FALSE
713,(none),FALSE,TRUE,FALSE,TRUE,FALSE,FALSE
714,(none),TRUE,TRUE,FALSE,FALSE,FALSE,FALSE
715,(none),TRUE,TRUE,FALSE,FALSE,FALSE,FALSE
716,(none),TRUE,TRUE,FALSE,FALSE,FALSE,FALSE
717,(none),TRUE,TRUE,FALSE,FALSE,FALSE,FALSE
718,No mosquito habitat,TRUE,TRUE,FALSE,FALSE,FALSE,FALSE
719,No mosquito habitat,TRUE,TRUE,FALSE,FALSE,FALSE,FALSE
720,No mosquito habitat,TRUE,TRUE,FALSE,FALSE,FALSE,FALSE
721,No mosquito habitat,TRUE,TRUE,FALSE,FALSE,FALSE,FALSE
722,No mosquito habitat,TRUE,TRUE,FALSE,FALSE,FALSE,FALSE
723,No mosquito habitat,TRUE,TRUE,FALSE,FALSE,FALSE,FALSE
724,No mosquito habitat,TRUE,TRUE,FALSE,FALSE,FALSE,FALSE
725,No mosquito habitat,TRUE,TRUE,FALSE,FALSE,FALSE,FALSE
726,No mosquito habitat,TRUE,TRUE,FALSE,FALSE,FALSE,FALSE
727,No mosquito habitat,TRUE,TRUE,FALSE,FALSE,FALSE,FALSE
728,(none),FALSE,TRUE,FALSE,FALSE,FALSE,FALSE
729,(none),FALSE,TRUE,FALSE,FALSE,FALSE,FALSE
730,(none),TRUE,TRUE,FALSE,FALSE,FALSE,FALSE
731,(none),TRUE,TRUE,TRUE,FALSE,FALSE,TRUE
732,(none),TRUE,TRUE,FALSE,FALSE,FALSE,FALSE
733,(none),TRUE,TRUE,FALSE,FALSE,FALSE,FALSE
734,(none),TRUE,TRUE,FALSE,FALSE,FALSE,FALSE
735,(none),TRUE,TRUE,FALSE,FALSE,FALSE,FALSE
736,(none),TRUE,TRUE,FALSE,FALSE,FALSE,FALSE
737,(none),TRUE,TRUE,FALSE,FALSE,FALSE,TRUE
738,(none),TRUE,TRUE,FALSE,FALSE,FALSE,FALSE
739,(none),TRUE,TRUE,FALSE,FALSE,FALSE,FALSE
740,(none),TRUE,TRUE,FALSE,FALSE,FALSE,FALSE
741,(none),FALSE,TRUE,FALSE,FALSE,FALSE,FALSE
742,"This area definitely has some potential mosquito breeding habitats. There are two houses and some apartments, so there are some flower pots outside. One house (although you cannot tell in the picture) has a large, deep flower bed on the side of it. There are bushes in it, and it is deep enough that water can collect below them. There is also a ditch running along the south side, which fills with water whenever it rains. I saw a coffee cup lid on the ground that had filled with water, there was a broken pipe that could fill with water, there was an old grill as well as a dumpster that could fill with water, and a path made of cinderblocks that can collect water.",FALSE,TRUE,TRUE,TRUE,FALSE,TRUE
743,(none),TRUE,TRUE,FALSE,FALSE,FALSE,FALSE
744,"There are many potential mosquito breeding habitats here, including: Trash and recycling bins, a creek to the west, water fountains, an open restroom building, a playground, and grilling pits. This area does have a lot of mosquitoes. There is some bamboo growing here, which I classified as ""medium grass,"" because bamboo is a grass.",TRUE,TRUE,FALSE,FALSE,FALSE,TRUE
745,(none),TRUE,TRUE,FALSE,FALSE,FALSE,FALSE
746,(none),TRUE,TRUE,FALSE,FALSE,FALSE,FALSE
747,(none),TRUE,TRUE,FALSE,FALSE,FALSE,FALSE
748,(none),TRUE,TRUE,FALSE,FALSE,FALSE,FALSE
749,(none),TRUE,TRUE,FALSE,FALSE,FALSE,FALSE
750,(none),TRUE,TRUE,FALSE,FALSE,FALSE,FALSE
751,(none),TRUE,TRUE,FALSE,FALSE,FALSE,FALSE
752,(none),FALSE,TRUE,TRUE,FALSE,FALSE,FALSE
753,(none),FALSE,TRUE,TRUE,FALSE,FALSE,FALSE
754,(none),TRUE,TRUE,FALSE,FALSE,FALSE,FALSE
755,(none),TRUE,TRUE,FALSE,FALSE,FALSE,FALSE
756,"This area may have some mosquito breeding habitats since it is a residential area. There may be flower pots with trays underneath, buckets and trays, trash cans left without lids, open grills, and boxes and bins left outside. All of these items can collect water when it rains and provide the standing water necessary for mosquitoes to breed.",TRUE,TRUE,TRUE,FALSE,FALSE,FALSE
757,(none),TRUE,TRUE,FALSE,FALSE,FALSE,FALSE
758,(none),TRUE,TRUE,FALSE,FALSE,FALSE,FALSE
759,(none),FALSE,TRUE,FALSE,FALSE,FALSE,FALSE
760,(none),FALSE,TRUE,FALSE,FALSE,FALSE,FALSE
761,(none),FALSE,TRUE,TRUE,FALSE,FALSE,FALSE
762,(none),TRUE,TRUE,FALSE,FALSE,FALSE,FALSE
763,(none),TRUE,TRUE,TRUE,FALSE,FALSE,FALSE
764,(none),TRUE,TRUE,FALSE,FALSE,FALSE,FALSE
765,(none),TRUE,TRUE,FALSE,FALSE,FALSE,FALSE
766,(none),TRUE,TRUE,FALSE,FALSE,FALSE,FALSE
767,(none),TRUE,TRUE,FALSE,FALSE,FALSE,FALSE
768,(none),TRUE,TRUE,FALSE,FALSE,FALSE,FALSE
769,(none),TRUE,TRUE,TRUE,FALSE,FALSE,FALSE
770,Weather is dry and hot,TRUE,TRUE,FALSE,FALSE,FALSE,FALSE
771,(none),FALSE,TRUE,TRUE,FALSE,FALSE,FALSE
772,(none),TRUE,TRUE,FALSE,FALSE,FALSE,FALSE
773,(none),TRUE,TRUE,FALSE,FALSE,FALSE,FALSE
774,(none),TRUE,TRUE,FALSE,FALSE,FALSE,FALSE
775,(none),TRUE,TRUE,FALSE,FALSE,FALSE,FALSE
776,(none),TRUE,TRUE,FALSE,FALSE,FALSE,FALSE
777,(none),TRUE,TRUE,FALSE,FALSE,FALSE,FALSE
778,(none),TRUE,TRUE,FALSE,FALSE,FALSE,FALSE
779,(none),TRUE,TRUE,FALSE,FALSE,FALSE,FALSE
780,(none),TRUE,TRUE,FALSE,FALSE,FALSE,FALSE
781,(none),TRUE,TRUE,FALSE,FALSE,FALSE,FALSE
782,(none),TRUE,TRUE,FALSE,FALSE,FALSE,FALSE
783,(none),TRUE,TRUE,FALSE,FALSE,FALSE,FALSE
784,(none),TRUE,TRUE,FALSE,FALSE,FALSE,FALSE
785,(none),TRUE,TRUE,FALSE,FALSE,FALSE,FALSE
786,(none),TRUE,TRUE,FALSE,FALSE,FALSE,FALSE
787,(none),TRUE,TRUE,FALSE,FALSE,FALSE,FALSE
788,No mosquito habitats,TRUE,TRUE,FALSE,FALSE,FALSE,FALSE
789,(none),TRUE,TRUE,FALSE,FALSE,FALSE,FALSE
790,(none),TRUE,TRUE,FALSE,FALSE,FALSE,FALSE
791,(none),TRUE,TRUE,FALSE,FALSE,FALSE,FALSE
792,(none),TRUE,TRUE,FALSE,FALSE,FALSE,FALSE
793,(none),TRUE,TRUE,FALSE,FALSE,FALSE,FALSE
794,(none),TRUE,TRUE,FALSE,FALSE,FALSE,FALSE
795,(none),TRUE,TRUE,FALSE,FALSE,FALSE,FALSE
796,Lawns may contain standing water,TRUE,TRUE,FALSE,FALSE,FALSE,FALSE
797,(none),TRUE,TRUE,FALSE,FALSE,FALSE,FALSE
798,Lawns may contain mosquitoes.,TRUE,TRUE,FALSE,FALSE,FALSE,FALSE
799,Mosquito habitats present.,TRUE,TRUE,FALSE,FALSE,FALSE,FALSE
800,"There are many potential mosquito breeding habitats here since it is a residential area. There are flower pots with trays underneath, buckets, grills, toys, and other common backyard items that can potentially collect standing water when it rains. There is also a house under construction here. The dumpsters, holes in the ground, tools and equipment, building materials left outside, etc. can potentially collect standing water when it rains. This area does have a lot of mosquitoes.",FALSE,TRUE,TRUE,TRUE,FALSE,TRUE
801,"There are many potential mosquito breeding habitats here since it is a residential area. There are grills, flower pots with trays underneath, buckets, and other common backyard objects that can potentially collect standing water when it rains. The water collects into puddles on the road when it rains. There are many small birds here too.",FALSE,TRUE,TRUE,TRUE,FALSE,TRUE
802,"This is the beginning of a public nature trail. There is a creek to the south that allows mosquitoes to breed. This area is constantly wet- moss all over the rocks, ground, and trees is evidence of that. Even the more open, well-lit area outside of the trail has moss growing on its rocks and trees, and even some fungi and mushrooms. Fungi, moss, & lichens bloom on the trees. There are a lot of logs and dead trees that water can collect in. It's so dark that grass doesn't really grow- it's just mud and dead leaves. I placed some mosquito traps here and will be checking them next week. This area has A LOT of mosquitoes, and many other insects and birds as well.",FALSE,TRUE,TRUE,TRUE,FALSE,TRUE
803,"There are many potential mosquito breeding habitats here since it is a residential area. There are flower pots with trays underneath, buckets, grills, toys, and other common backyard items that can potentially collect standing water when it rains. Some houses also have pools. There is a house being built here, and the dumpsters, tools & equipment, and building materials left outside can potentially collect standing water when it rains. The ""tall grass"" I refer to is bamboo.",FALSE,TRUE,TRUE,FALSE,FALSE,TRUE
804,"There are many potential mosquito breeding habitats here since it is a residential area. There are flower pots with trays underneath, buckets, grills, pots, pools, and other common backyard items that can collect standing water when it rains and allow mosquitoes to breed.",TRUE,TRUE,TRUE,TRUE,FALSE,TRUE
805,(none),TRUE,TRUE,FALSE,FALSE,FALSE,FALSE
806,(none),TRUE,TRUE,FALSE,FALSE,FALSE,FALSE
807,(none),TRUE,TRUE,FALSE,FALSE,FALSE,FALSE
808,"There are many potential mosquito breeding habitats here since it is a residential area. There are flower pots with trays underneath, buckets, grills, toys, and other common backyard items that can potentially collect standing water when it rains. Some houses also have pools, and not everyone puts down the lids on their trash/recycling bins.",TRUE,TRUE,FALSE,FALSE,FALSE,FALSE
809,"I am standing on a path in the Judson Nature Trails. The protected trails run through a beautiful forest filled with diverse plant life; open to the public but tucked away from the rest of the city. A Boy Scout Eagle Project has been maintaing the land, creating benches, and identifying some of the plant life. The trees here are remarkably tall; many of them are over 150 to 200 years old. The deciduous Cedar Elm trees here gave this area its name: Olmos Park. Elms are called ""Olmos"" in Spanish. Other plant life here includes: semi-evergreen Plateau Live Oak/Live Oak trees, evergreen Guayacan shrubs, evergreen Texas Mountain Laurels, deciduous Lotebush shrubs, deciduous Texas Redbud trees, semi-evergreen Texas Persimmon trees/shrubs, evergreen Texas Palm/Texas Palmetto trees, deciduous American Elm trees, deciduous wild Mustang Grapes, and various vine species. The creek running through here is constantly flooding during heavy rains, making some areas of the forest extremely difficult to maintain. The creek can be seen in the East & South photos, but it is all dried up.",TRUE,TRUE,TRUE,FALSE,FALSE,TRUE
810,"I am standing on a path in the Judson Nature Trails. The protected trails run through a beautiful forest filled with diverse plant life; open to the public but tucked away from the rest of the city. A Boy Scout Eagle Project has been maintaing the land, creating benches, and identifying some of the plant life. The trees here are remarkably tall; many of them are over 150 to 200 years old. The deciduous Cedar Elm trees here gave this area its name: Olmos Park. Elms are called ""Olmos"" in Spanish. Other plant life here includes: semi-evergreen Plateau Live Oak/Live Oak trees, evergreen Guayacan shrubs, evergreen Texas Mountain Laurels, deciduous Lotebush shrubs, deciduous Texas Redbud trees, semi-evergreen Texas Persimmon trees/shrubs, evergreen Texas Palm/Texas Palmetto trees, deciduous American Elm trees, deciduous wild Mustang Grapes, and various vine species. The creek running through here is constantly flooding during heavy rains, making some areas of the forest extremely difficult to maintain. The creek can be seen in the East & South photos, but it is all dried up.",TRUE,TRUE,TRUE,FALSE,FALSE,TRUE
811,There is a small man made lake in the east side. There may be muddy ground over there but I was unsure.,TRUE,TRUE,FALSE,FALSE,FALSE,TRUE
812,(none),TRUE,TRUE,FALSE,FALSE,FALSE,FALSE
813,It’s a bird sanctuary and a great place for mosquitoes to breed,FALSE,TRUE,TRUE,FALSE,FALSE,TRUE
814,(none),TRUE,TRUE,FALSE,FALSE,FALSE,TRUE
815,(none),FALSE,TRUE,FALSE,FALSE,FALSE,TRUE
816,(none),FALSE,TRUE,FALSE,FALSE,FALSE,FALSE
817,(none),FALSE,TRUE,FALSE,FALSE,FALSE,FALSE
818,(none),FALSE,TRUE,FALSE,FALSE,FALSE,FALSE
819,(none),FALSE,TRUE,FALSE,FALSE,FALSE,FALSE
820,(none),FALSE,TRUE,FALSE,FALSE,FALSE,TRUE
821,(none),FALSE,TRUE,FALSE,FALSE,FALSE,FALSE
822,(none),TRUE,TRUE,FALSE,FALSE,FALSE,FALSE
823,(none),FALSE,TRUE,FALSE,FALSE,FALSE,TRUE
824,(none),FALSE,TRUE,FALSE,FALSE,FALSE,TRUE
825,(none),FALSE,TRUE,FALSE,FALSE,FALSE,FALSE
826,(none),FALSE,TRUE,FALSE,FALSE,FALSE,FALSE
827,(none),FALSE,TRUE,FALSE,FALSE,FALSE,TRUE
828,(none),FALSE,TRUE,TRUE,FALSE,FALSE,TRUE
829,(none),TRUE,TRUE,FALSE,FALSE,FALSE,FALSE
830,(none),TRUE,TRUE,FALSE,FALSE,FALSE,FALSE
831,(none),TRUE,TRUE,FALSE,FALSE,FALSE,FALSE
832,(none),TRUE,TRUE,FALSE,FALSE,FALSE,FALSE
833,(none),TRUE,TRUE,FALSE,FALSE,FALSE,FALSE
834,(none),TRUE,TRUE,FALSE,FALSE,FALSE,FALSE
835,(none),TRUE,TRUE,FALSE,FALSE,FALSE,FALSE
836,(none),TRUE,TRUE,FALSE,FALSE,FALSE,FALSE
837,(none),TRUE,TRUE,FALSE,FALSE,FALSE,TRUE
838,(none),TRUE,TRUE,FALSE,FALSE,FALSE,FALSE
839,(none),TRUE,TRUE,FALSE,FALSE,FALSE,FALSE
840,(none),TRUE,TRUE,FALSE,FALSE,FALSE,FALSE
841,(none),TRUE,TRUE,FALSE,FALSE,FALSE,FALSE
842,(none),TRUE,TRUE,FALSE,FALSE,FALSE,FALSE
843,(none),TRUE,TRUE,FALSE,FALSE,FALSE,FALSE
844,(none),TRUE,TRUE,FALSE,FALSE,FALSE,FALSE
845,(none),TRUE,TRUE,FALSE,FALSE,FALSE,FALSE
846,(none),TRUE,TRUE,FALSE,FALSE,FALSE,FALSE
847,(none),TRUE,TRUE,FALSE,FALSE,FALSE,FALSE
848,"High temperatures, humid weather and there are mosquito habitats in this area.",TRUE,TRUE,FALSE,FALSE,FALSE,FALSE
849,"High temperatures, humid weather, mosquitoes  present in the area.",TRUE,TRUE,FALSE,FALSE,FALSE,FALSE
850,(none),FALSE,TRUE,FALSE,FALSE,FALSE,FALSE
851,(none),FALSE,TRUE,FALSE,FALSE,FALSE,FALSE
852,(none),FALSE,TRUE,FALSE,FALSE,FALSE,FALSE
853,(none),FALSE,TRUE,FALSE,FALSE,FALSE,FALSE
854,(none),FALSE,TRUE,FALSE,FALSE,FALSE,FALSE
855,(none),FALSE,TRUE,FALSE,FALSE,FALSE,FALSE
856,(none),FALSE,TRUE,FALSE,FALSE,FALSE,FALSE
857,(none),FALSE,TRUE,FALSE,FALSE,FALSE,FALSE
858,(none),FALSE,TRUE,FALSE,FALSE,FALSE,FALSE
859,(none),FALSE,FALSE,FALSE,FALSE,FALSE,FALSE
860,(none),FALSE,TRUE,FALSE,FALSE,FALSE,FALSE
861,(none),FALSE,TRUE,FALSE,FALSE,FALSE,FALSE
862,(none),FALSE,TRUE,FALSE,FALSE,FALSE,FALSE
863,(none),FALSE,TRUE,FALSE,FALSE,FALSE,FALSE
864,(none),FALSE,TRUE,FALSE,FALSE,FALSE,FALSE
865,(none),FALSE,TRUE,FALSE,FALSE,FALSE,FALSE
866,(none),FALSE,TRUE,FALSE,FALSE,FALSE,FALSE
867,(none),FALSE,TRUE,FALSE,FALSE,FALSE,FALSE
868,(none),FALSE,TRUE,FALSE,FALSE,FALSE,FALSE
869,(none),FALSE,TRUE,FALSE,FALSE,FALSE,FALSE
870,(none),FALSE,TRUE,FALSE,FALSE,FALSE,FALSE
871,"Watered grass may contain sequestered water and therefore, a mosquito habitat",TRUE,TRUE,FALSE,FALSE,FALSE,FALSE
872,(none),TRUE,TRUE,FALSE,FALSE,FALSE,FALSE
873,(none),TRUE,TRUE,FALSE,FALSE,FALSE,FALSE
874,(none),TRUE,TRUE,FALSE,FALSE,FALSE,FALSE
875,(none),TRUE,TRUE,FALSE,FALSE,FALSE,FALSE
876,(none),TRUE,TRUE,FALSE,FALSE,FALSE,FALSE
877,(none),FALSE,TRUE,FALSE,FALSE,FALSE,FALSE
878,(none),FALSE,TRUE,FALSE,FALSE,FALSE,FALSE
879,(none),FALSE,TRUE,FALSE,FALSE,FALSE,FALSE
880,(none),FALSE,TRUE,FALSE,FALSE,FALSE,FALSE
881,(none),FALSE,TRUE,FALSE,FALSE,FALSE,FALSE
882,(none),FALSE,TRUE,FALSE,FALSE,FALSE,FALSE
883,(none),TRUE,TRUE,FALSE,FALSE,FALSE,FALSE
884,(none),TRUE,TRUE,FALSE,FALSE,FALSE,FALSE
885,(none),TRUE,TRUE,FALSE,FALSE,FALSE,FALSE
886,(none),TRUE,TRUE,FALSE,FALSE,FALSE,FALSE
887,(none),TRUE,TRUE,FALSE,FALSE,FALSE,FALSE
888,(none),TRUE,TRUE,FALSE,FALSE,FALSE,FALSE
889,(none),TRUE,TRUE,FALSE,FALSE,FALSE,FALSE
890,(none),TRUE,TRUE,FALSE,FALSE,FALSE,FALSE
891,(none),TRUE,TRUE,FALSE,FALSE,FALSE,FALSE
892,(none),TRUE,TRUE,FALSE,FALSE,FALSE,FALSE
893,(none),TRUE,TRUE,FALSE,FALSE,FALSE,FALSE
894,(none),TRUE,TRUE,FALSE,FALSE,FALSE,FALSE
895,(none),TRUE,TRUE,FALSE,FALSE,FALSE,FALSE
896,(none),TRUE,TRUE,FALSE,FALSE,FALSE,FALSE
897,(none),TRUE,TRUE,FALSE,FALSE,FALSE,FALSE
898,(none),TRUE,TRUE,FALSE,FALSE,FALSE,FALSE
899,(none),TRUE,TRUE,FALSE,FALSE,FALSE,FALSE
900,(none),TRUE,TRUE,FALSE,FALSE,FALSE,FALSE
901,(none),FALSE,TRUE,FALSE,FALSE,FALSE,FALSE
902,(none),FALSE,TRUE,FALSE,FALSE,FALSE,FALSE
903,(none),TRUE,TRUE,FALSE,FALSE,FALSE,FALSE
904,(none),TRUE,TRUE,FALSE,FALSE,FALSE,FALSE
905,(none),FALSE,TRUE,FALSE,FALSE,FALSE,FALSE
906,(none),FALSE,TRUE,FALSE,FALSE,FALSE,FALSE
907,(none),TRUE,TRUE,FALSE,FALSE,FALSE,FALSE
908,(none),TRUE,TRUE,FALSE,FALSE,FALSE,FALSE
909,(none),TRUE,TRUE,FALSE,FALSE,FALSE,FALSE
910,(none),TRUE,TRUE,FALSE,FALSE,FALSE,FALSE
911,(none),FALSE,TRUE,FALSE,FALSE,FALSE,FALSE
912,(none),TRUE,TRUE,FALSE,FALSE,FALSE,FALSE
913,(none),TRUE,TRUE,FALSE,FALSE,FALSE,FALSE
914,(none),FALSE,TRUE,TRUE,FALSE,FALSE,TRUE
915,(none),FALSE,TRUE,FALSE,FALSE,FALSE,FALSE
916,(none),FALSE,TRUE,FALSE,FALSE,FALSE,FALSE
917,(none),FALSE,TRUE,FALSE,FALSE,FALSE,FALSE
918,(none),FALSE,TRUE,FALSE,FALSE,FALSE,FALSE
919,(none),FALSE,TRUE,FALSE,FALSE,FALSE,FALSE
920,(none),TRUE,TRUE,FALSE,FALSE,FALSE,FALSE
921,(none),TRUE,TRUE,FALSE,FALSE,FALSE,FALSE
922,(none),TRUE,TRUE,FALSE,FALSE,FALSE,FALSE
923,(none),TRUE,TRUE,TRUE,FALSE,FALSE,TRUE
924,(none),TRUE,TRUE,FALSE,FALSE,FALSE,FALSE
925,(none),TRUE,TRUE,FALSE,FALSE,FALSE,FALSE
926,(none),TRUE,TRUE,FALSE,FALSE,FALSE,FALSE
927,(none),TRUE,TRUE,FALSE,FALSE,FALSE,FALSE
928,(none),TRUE,TRUE,FALSE,FALSE,FALSE,FALSE
929,(none),TRUE,TRUE,TRUE,FALSE,FALSE,FALSE
930,(none),TRUE,TRUE,FALSE,FALSE,FALSE,FALSE
931,(none),TRUE,TRUE,FALSE,FALSE,FALSE,FALSE
932,(none),TRUE,TRUE,FALSE,FALSE,FALSE,FALSE
933,(none),TRUE,TRUE,FALSE,FALSE,FALSE,FALSE
934,(none),TRUE,TRUE,FALSE,FALSE,FALSE,FALSE
935,(none),TRUE,TRUE,FALSE,FALSE,FALSE,FALSE
936,(none),FALSE,TRUE,FALSE,FALSE,FALSE,FALSE
937,(none),FALSE,TRUE,FALSE,FALSE,FALSE,FALSE
938,(none),TRUE,TRUE,FALSE,FALSE,FALSE,FALSE
939,(none),FALSE,TRUE,FALSE,FALSE,FALSE,FALSE
940,(none),TRUE,TRUE,FALSE,FALSE,FALSE,FALSE
941,(none),TRUE,TRUE,FALSE,FALSE,FALSE,FALSE
942,(none),TRUE,TRUE,FALSE,FALSE,FALSE,FALSE
943,(none),TRUE,TRUE,TRUE,FALSE,FALSE,TRUE
944,(none),TRUE,TRUE,FALSE,FALSE,FALSE,FALSE
945,(none),TRUE,TRUE,FALSE,FALSE,FALSE,FALSE
946,(none),TRUE,TRUE,FALSE,FALSE,FALSE,FALSE
947,(none),TRUE,TRUE,FALSE,FALSE,FALSE,TRUE
948,(none),TRUE,TRUE,FALSE,FALSE,FALSE,FALSE
949,(none),TRUE,TRUE,FALSE,FALSE,FALSE,FALSE
950,(none),TRUE,TRUE,FALSE,FALSE,FALSE,FALSE
951,(none),TRUE,TRUE,FALSE,FALSE,FALSE,FALSE
952,(none),TRUE,TRUE,FALSE,FALSE,FALSE,FALSE
953,(none),TRUE,TRUE,FALSE,FALSE,FALSE,FALSE
954,(none),TRUE,TRUE,FALSE,FALSE,FALSE,FALSE
955,(none),TRUE,TRUE,FALSE,FALSE,FALSE,FALSE
956,(none),TRUE,TRUE,FALSE,FALSE,FALSE,FALSE
957,(none),TRUE,TRUE,FALSE,FALSE,FALSE,FALSE
958,(none),TRUE,TRUE,FALSE,FALSE,FALSE,FALSE
959,(none),TRUE,TRUE,FALSE,FALSE,FALSE,FALSE
960,(none),TRUE,TRUE,FALSE,FALSE,FALSE,FALSE
961,(none),TRUE,TRUE,FALSE,FALSE,FALSE,FALSE
962,(none),TRUE,TRUE,FALSE,FALSE,FALSE,FALSE
963,(none),TRUE,TRUE,FALSE,FALSE,FALSE,FALSE
964,(none),TRUE,TRUE,FALSE,FALSE,FALSE,FALSE
965,(none),TRUE,TRUE,FALSE,FALSE,FALSE,FALSE
966,(none),TRUE,TRUE,FALSE,FALSE,FALSE,FALSE
967,(none),FALSE,TRUE,FALSE,FALSE,FALSE,FALSE
968,(none),FALSE,TRUE,TRUE,FALSE,FALSE,TRUE
969,(none),FALSE,TRUE,FALSE,FALSE,FALSE,FALSE
970,(none),FALSE,TRUE,FALSE,FALSE,FALSE,FALSE
971,(none),FALSE,TRUE,FALSE,FALSE,FALSE,FALSE
972,(none),TRUE,TRUE,TRUE,FALSE,FALSE,TRUE
973,(none),FALSE,TRUE,FALSE,FALSE,FALSE,FALSE
974,(none),TRUE,TRUE,FALSE,FALSE,FALSE,FALSE
975,(none),TRUE,TRUE,FALSE,FALSE,FALSE,FALSE
976,(none),TRUE,TRUE,FALSE,FALSE,FALSE,FALSE
977,"This area floods whenever there are heavy rains. The ground is covered in decaying plants, fallen trees, and trash. The ground is very uneven with some holes here and there, and that along with the many logs can collect standing water, allowing mosquitoes to breed.",TRUE,TRUE,FALSE,FALSE,FALSE,FALSE
978,"This is an area of grass in-between the road and the Olmos Dam. I am actually standing near a drainage canal running through the middle of the grass. The water collecting here is practically still, an ideal place for mosquitoes to breed. By ""Urban Other,"" I am referring to the dam.",TRUE,TRUE,FALSE,FALSE,FALSE,TRUE
979,"I am standing on a grassy highway median with some trees. There is a highway drainage intake here, but there does not appear to be any mosquito breeding habitats.",TRUE,TRUE,FALSE,FALSE,FALSE,FALSE
980,(none),FALSE,TRUE,FALSE,FALSE,FALSE,FALSE
981,(none),FALSE,TRUE,FALSE,FALSE,FALSE,FALSE
982,(none),FALSE,TRUE,FALSE,FALSE,FALSE,FALSE
983,"This is a forested area in a neighborhood with a trail running through it. When it rains, standing water can collect in the many tree hollows, as well as logs on the ground.",TRUE,TRUE,FALSE,FALSE,FALSE,FALSE
984,"This is a forested area in a neighborhood. When it rains, standing water can collect in the many tree hollows, as well as logs on the ground.",TRUE,TRUE,FALSE,FALSE,FALSE,FALSE
985,(none),TRUE,TRUE,FALSE,FALSE,FALSE,TRUE
986,(none),FALSE,FALSE,FALSE,FALSE,FALSE,FALSE
987,(none),FALSE,TRUE,FALSE,FALSE,FALSE,FALSE
988,(none),FALSE,TRUE,FALSE,FALSE,FALSE,TRUE
989,(none),FALSE,TRUE,FALSE,FALSE,FALSE,FALSE
990,(none),FALSE,TRUE,FALSE,FALSE,FALSE,FALSE
991,(none),FALSE,TRUE,FALSE,FALSE,FALSE,FALSE
992,(none),FALSE,TRUE,FALSE,FALSE,FALSE,FALSE
993,(none),FALSE,TRUE,FALSE,FALSE,FALSE,FALSE
994,(none),FALSE,TRUE,FALSE,FALSE,FALSE,FALSE
995,(none),FALSE,TRUE,FALSE,FALSE,FALSE,FALSE
996,(none),TRUE,TRUE,FALSE,FALSE,FALSE,FALSE
997,"This is an area located under a highway overpass. There's a parking lot to the south, then a road to the north & east, followed by private parking for San Antonio Zoo employees (behind the green fence). Mosquito breeding habitats are definitely possible here. There are a lot of dips in the uneven ground where I'm standing, as well as some holes that could easily collect standing water from runoff when it rains. The satellite images for this area need to be updated. On the far left side of the north picture is a parking garage that was recently built, but it still shows up as a big dirt patch on satellite maps.",TRUE,TRUE,FALSE,FALSE,FALSE,FALSE
998,"This is the entrance to a soccer field next to a baseball field. There do not appear to be any mosquito breeding habitats, but there may be areas where puddles can form when it rains.",TRUE,TRUE,FALSE,FALSE,FALSE,FALSE
999,(none),FALSE,TRUE,FALSE,FALSE,FALSE,FALSE
1000,"This is the entrance to a gated school. Next to the gate is a ditch, where standing water may collect when it rains. The school has a playground, which along with any toys left outside may collect standing water when it rains. There is also a dumpster in the parking lot, which may be able to collect standing water when it rains if the lid is not closed.",TRUE,TRUE,FALSE,FALSE,FALSE,FALSE
1001,"This is a residential area (neighborhood), so common backyard items such as toys, grills, flowers pots with trays underneath, etc. may collect standing water when it rains and provide a habitat for mosquitoes to breed (if those items are present). At least one of these houses has a pool.",TRUE,TRUE,FALSE,FALSE,FALSE,TRUE
1002,"This is the entrance to the UIW campus. Other than a fountain to the west (not visible in photo), there do not appear to be any mosquito breeding habitats here, unless there are areas where puddles can form when it rains.",TRUE,TRUE,FALSE,FALSE,FALSE,TRUE
1003,Potential mosquito habitats along wet grass and porta potties,TRUE,TRUE,FALSE,FALSE,FALSE,FALSE
1004,Mosquito habitats near stream runoff,TRUE,FALSE,FALSE,FALSE,FALSE,TRUE
1005,"This is a residential area (neighborhood), so common backyard items such as toys, grills, flower pots with trays underneath, etc. may collect standing water when it rains and provide a habitat for mosquitoes to breed (if those items are present). Trash bins without lids can also collect standing water. A house around the corner has a small pool.",TRUE,TRUE,FALSE,FALSE,FALSE,FALSE
1006,"This is a residential area (neighborhood), so common backyard items such as toys, grills, flower pots with trays underneath, etc. may collect standing water when it rains and provide a habitat for mosquitoes to breed (if those items are present). Trash bins without lids can also collect standing water. Some houses on a nearby block have pools.",TRUE,TRUE,FALSE,FALSE,FALSE,FALSE
1007,"This is one part of the parking lot for the Alamo Stadium. The west photo shows one of the entrances to Trinity University. There does not appear to be any mosquito breeding habitats here, unless certain areas form puddles when it rains.",TRUE,TRUE,FALSE,FALSE,FALSE,FALSE
1008,"This is a residential area (neighborhood), so common backyard items such as toys, grills, flower pots with trays underneath, etc. may collect standing water when it rains and provide a habitat for mosquitoes to breed (if those items are present). Trash bins without lids can also collect standing water. A couple of the houses around here have pools.",TRUE,TRUE,FALSE,FALSE,FALSE,FALSE
1009,"This is a residential area (neighborhood), so common backyard items such as toys, grills, flower pots with trays underneath, etc. may collect standing water when it rains and provide a habitat for mosquitoes to breed (if those items are present). Trash bins without lids can also collect standing water. At least one of these houses has a pool.",TRUE,TRUE,FALSE,FALSE,FALSE,TRUE
1010,"This is a residential area (neighborhood), so common backyard items such as toys, grills, flower pots with trays underneath, etc. may collect standing water when it rains and provide a habitat for mosquitoes to breed (if those items are present). Trash bins without lids can also collect standing water. At least one house in this area has a pool.",TRUE,TRUE,FALSE,FALSE,FALSE,FALSE
1011,(none),FALSE,TRUE,FALSE,FALSE,FALSE,TRUE
1012,"This is a residential area (neighborhood), so common backyard items such as toys, grills, flower pots with trays underneath, etc. may collect standing water when it rains and provide a habitat for mosquitoes to breed (if those items are present). Trash bins without lids can also collect standing water. A couple of nearby houses have pools.",TRUE,TRUE,FALSE,FALSE,FALSE,FALSE
1013,"The north side of this area is residential- so common backyard items such as flower pots with trays underneath, buckets, and toys can collect standing water when it rains and provide a habitat for mosquitoes to breed (if those items are present). The south side of this area is a parking lot for a country club. A road runs in-between the north and south sides. The country club has a large pool, and a couple of houses located behind the house in the north picture have pools as well. I couldn't get into the country club, but I know that it also has a large golf course with several lakes/ponds.",TRUE,TRUE,FALSE,FALSE,FALSE,FALSE
1014,"This is a residential area (neighborhood), so common backyard items such as toys, flower pots with trays underneath, buckets, etc. can collect standing water when it rains, allowing mosquitoes to breed (if these items are present). Any trash/recycling bins left without lids can also collect standing water when it rains. Many houses in this neighborhood have pools. When I say ""urban other,"" I am referring to the tennis court in the south picture (somewhat obscured by trees).",TRUE,TRUE,FALSE,FALSE,FALSE,TRUE
1015,(none),FALSE,TRUE,FALSE,FALSE,FALSE,FALSE
1016,No possible mosquito habitat identified,TRUE,TRUE,FALSE,FALSE,FALSE,FALSE
1017,No mosuqito habitay,TRUE,TRUE,FALSE,FALSE,FALSE,FALSE
1018,(none),FALSE,TRUE,FALSE,FALSE,FALSE,FALSE
1019,(none),FALSE,TRUE,FALSE,FALSE,FALSE,TRUE
1020,(none),FALSE,TRUE,FALSE,FALSE,FALSE,FALSE
1021,(none),FALSE,TRUE,TRUE,FALSE,FALSE,FALSE
1022,(none),FALSE,TRUE,FALSE,FALSE,FALSE,FALSE
1023,(none),FALSE,TRUE,FALSE,FALSE,FALSE,FALSE
1024,(none),FALSE,TRUE,FALSE,FALSE,FALSE,FALSE
1025,(none),FALSE,TRUE,FALSE,FALSE,FALSE,FALSE
1026,(none),FALSE,TRUE,FALSE,FALSE,FALSE,FALSE
1027,(none),TRUE,TRUE,FALSE,FALSE,FALSE,TRUE
1028,(none),TRUE,TRUE,FALSE,FALSE,FALSE,FALSE
1029,(none),TRUE,TRUE,FALSE,FALSE,FALSE,FALSE
1030,(none),TRUE,TRUE,FALSE,FALSE,FALSE,FALSE
1031,(none),TRUE,TRUE,FALSE,FALSE,FALSE,FALSE
1032,(none),TRUE,TRUE,FALSE,FALSE,FALSE,FALSE
1033,(none),TRUE,TRUE,FALSE,FALSE,FALSE,FALSE
1034,(none),TRUE,TRUE,FALSE,FALSE,FALSE,FALSE
1035,(none),TRUE,TRUE,FALSE,FALSE,FALSE,FALSE
1036,(none),TRUE,TRUE,FALSE,FALSE,FALSE,FALSE
1037,(none),TRUE,TRUE,FALSE,FALSE,FALSE,FALSE
1038,(none),TRUE,TRUE,FALSE,FALSE,FALSE,FALSE
1039,(none),TRUE,TRUE,FALSE,FALSE,FALSE,FALSE
1040,(none),TRUE,TRUE,FALSE,FALSE,FALSE,FALSE
1041,(none),TRUE,TRUE,FALSE,FALSE,FALSE,FALSE
1042,(none),TRUE,TRUE,FALSE,FALSE,FALSE,FALSE
1043,(none),TRUE,TRUE,FALSE,FALSE,FALSE,FALSE
1044,(none),TRUE,TRUE,FALSE,FALSE,FALSE,FALSE
1045,(none),TRUE,TRUE,FALSE,FALSE,FALSE,FALSE
1046,(none),TRUE,TRUE,FALSE,FALSE,FALSE,FALSE
1047,(none),TRUE,TRUE,FALSE,FALSE,FALSE,FALSE
